InicioPeriodo,FimPeriodo,codigoSegmento,Segmento,codigoModalidade,Modalidade,Posicao,InstituicaoFinanceira,cnpj8,TaxaJurosAoMes,TaxaJurosAoAno
2026-08-11,2026-08-17,,PESSOA FÍSICA,,Aquisição de outros bens - Prefixado,1,SINOSSERRA S/A - SCFI,22639377,0.2,2.42
2026-08-11,2026-08-17,,PESSOA FÍSICA,,Aquisição de outros bens - Prefixado,2,DEUTSCHE SPARKASSEN LEASING DO BRASIL BM S.A.,23511655,0.52,6.43
2026-08-11,2026-08-17,,PESSOA FÍSICA,,Aquisição de outros bens - Prefixado,3,BCO VOLVO BRASIL S.A.,58017179,1.15,14.76
2026-08-11,2026-08-17,,PESSOA FÍSICA,,Aquisição de outros bens - Prefixado,4,BANCO CNH INDUSTRIAL CAPITAL S.A,02992446,1.32,17.05
2026-08-11,2026-08-17,,PESSOA FÍSICA,,Aquisição de outros bens - Prefixado,5,BANCO TRATON BRASIL S.A.,52067630,1.46,19.01
2026-08-11,2026-08-17,,PESSOA FÍSICA,,Aquisição de outros bens - Prefixado,6,BCO CATERPILLAR S.A.,02658435,1.48,19.26
2026-08-11,2026-08-17,,PESSOA FÍSICA,,Aquisição de outros bens - Prefixado,7,BANCO SANY BRASIL S.A.,60935819,1.52,19.89
2026-08-11,2026-08-17,,PESSOA FÍSICA,,Aquisição de outros bens - Prefixado,8,BCO DE LAGE LANDEN BRASIL S.A.,05040481,1.57,20.56
2026-08-11,2026-08-17,,PESSOA FÍSICA,,Aquisição de outros bens - Prefixado,9,BCO DO EST. DO PA S.A.,04913711,1.61,21.13
2026-08-11,2026-08-17,,PESSOA FÍSICA,,Aquisição de outros bens - Prefixado,10,BCO ARBI S.A.,54403563,1.86,24.79
2026-08-11,2026-08-17,,PESSOA FÍSICA,,Aquisição de outros bens - Prefixado,11,STARA FINANCEIRA S.A. - CFI,17359351,1.9,25.41
2026-08-11,2026-08-17,,PESSOA FÍSICA,,Aquisição de outros bens - Prefixado,12,PORTOSEG S.A. CFI,04862600,2.0,26.83
2026-08-11,2026-08-17,,PESSOA FÍSICA,,Aquisição de outros bens - Prefixado,13,BCO BRADESCO S.A.,60746948,2.07,27.8
2026-08-11,2026-08-17,,PESSOA FÍSICA,,Aquisição de outros bens - Prefixado,14,BANCO SICOOB S.A.,02038232,2.09,28.21
2026-08-11,2026-08-17,,PESSOA FÍSICA,,Aquisição de outros bens - Prefixado,15,SANTANDER SCFI S.A.,07707650,2.14,28.94
2026-08-11,2026-08-17,,PESSOA FÍSICA,,Aquisição de outros bens - Prefixado,16,BCO DO ESTADO DO RS S.A.,92702067,2.25,30.56
2026-08-11,2026-08-17,,PESSOA FÍSICA,,Aquisição de outros bens - Prefixado,17,BCO BV S.A.,01858774,2.25,30.62
2026-08-11,2026-08-17,,PESSOA FÍSICA,,Aquisição de outros bens - Prefixado,18,SOLFÁCIL SCFI,48755901,2.28,31.06
2026-08-11,2026-08-17,,PESSOA FÍSICA,,Aquisição de outros bens - Prefixado,19,TODESCREDI S/A - CFI,09473806,2.39,32.76
2026-08-11,2026-08-17,,PESSOA FÍSICA,,Aquisição de outros bens - Prefixado,20,BCO BANESTES S.A.,28127603,2.52,34.76
2026-08-11,2026-08-17,,PESSOA FÍSICA,,Aquisição de outros bens - Prefixado,21,BARU SCFI S/A,42723848,2.53,34.9
2026-08-11,2026-08-17,,PESSOA FÍSICA,,Aquisição de outros bens - Prefixado,22,BECKER FINANCEIRA SA - CFI,20443996,2.66,37.01
2026-08-11,2026-08-17,,PESSOA FÍSICA,,Aquisição de outros bens - Prefixado,23,BCO BRADESCO FINANC. S.A.,07207996,2.75,38.52
2026-08-11,2026-08-17,,PESSOA FÍSICA,,Aquisição de outros bens - Prefixado,24,BCO SOFISA S.A.,60889128,3.04,43.28
2026-08-11,2026-08-17,,PESSOA FÍSICA,,Aquisição de outros bens - Prefixado,25,BCO DO BRASIL S.A.,00000000,3.23,46.36
2026-08-11,2026-08-17,,PESSOA FÍSICA,,Aquisição de outros bens - Prefixado,26,BCO RENDIMENTO S.A.,68900810,3.42,49.78
2026-08-11,2026-08-17,,PESSOA FÍSICA,,Aquisição de outros bens - Prefixado,27,HS FINANCEIRA,07512441,3.63,53.33
2026-08-11,2026-08-17,,PESSOA FÍSICA,,Aquisição de outros bens - Prefixado,28,LEBES FINANCEIRA S.A. - CFI,11271860,3.92,58.61
2026-08-11,2026-08-17,,PESSOA FÍSICA,,Aquisição de outros bens - Prefixado,29,CENTROCRED S.A. CFI,26225776,4.73,74.04
2026-08-11,2026-08-17,,PESSOA FÍSICA,,Aquisição de outros bens - Prefixado,30,KREDILIG S.A. - CFI,06040559,4.9,77.6
2026-08-11,2026-08-17,,PESSOA FÍSICA,,Aquisição de outros bens - Prefixado,31,GRAZZIOTIN FINANCEIRA S/A,06339468,5.4,88.05
2026-08-11,2026-08-17,,PESSOA FÍSICA,,Aquisição de outros bens - Prefixado,32,CREDIARE CFI S.A.,05676026,5.56,91.45
2026-08-11,2026-08-17,,PESSOA FÍSICA,,Aquisição de outros bens - Prefixado,33,VIA CERTA FINANCIADORA S.A. - CFI,05192316,6.2,105.87
2026-08-11,2026-08-17,,PESSOA FÍSICA,,Aquisição de outros bens - Prefixado,34,BANCO SEMEAR,00795423,6.22,106.17
2026-08-11,2026-08-17,,PESSOA FÍSICA,,Aquisição de outros bens - Prefixado,35,AGORACRED S/A SCFI,36321990,6.35,109.39
2026-08-11,2026-08-17,,PESSOA FÍSICA,,Aquisição de outros bens - Prefixado,36,NEGRESCO S.A. - CFI,04379829,6.49,112.76
2026-08-11,2026-08-17,,PESSOA FÍSICA,,Aquisição de outros bens - Prefixado,37,ZEMA CFI S/A,05351887,7.35,134.31
2026-08-11,2026-08-17,,PESSOA FÍSICA,,Aquisição de outros bens - Prefixado,38,MERCADO CRÉDITO SCFI S.A.,37679449,7.52,138.81
2026-08-11,2026-08-17,,PESSOA FÍSICA,,Aquisição de outros bens - Prefixado,39,MAGALUPAY SCFI S.A.,61021673,7.56,139.8
2026-08-11,2026-08-17,,PESSOA FÍSICA,,Aquisição de outros bens - Prefixado,40,BANCO INTER,00416968,7.72,144.03
2026-08-11,2026-08-17,,PESSOA FÍSICA,,Aquisição de outros bens - Prefixado,41,COBUCCIO S.A. SCFI,36947229,8.49,165.83
2026-08-11,2026-08-17,,PESSOA FÍSICA,,Aquisição de veículos - Prefixado,1,BCO MERCEDES-BENZ S.A.,60814191,0.39,4.83
2026-08-11,2026-08-17,,PESSOA FÍSICA,,Aquisição de veículos - Prefixado,2,BANCO CNH INDUSTRIAL CAPITAL S.A,02992446,0.71,8.88
2026-08-11,2026-08-17,,PESSOA FÍSICA,,Aquisição de veículos - Prefixado,3,BMW SA CFI,04452473,0.96,12.2
2026-08-11,2026-08-17,,PESSOA FÍSICA,,Aquisição de veículos - Prefixado,4,BCO RCI BRASIL S.A.,62307848,0.98,12.38
2026-08-11,2026-08-17,,PESSOA FÍSICA,,Aquisição de veículos - Prefixado,5,BCO STELLANTIS S.A.,62237425,1.01,12.8
2026-08-11,2026-08-17,,PESSOA FÍSICA,,Aquisição de veículos - Prefixado,6,CAIXA ECONOMICA FEDERAL,00360305,1.01,12.86
2026-08-11,2026-08-17,,PESSOA FÍSICA,,Aquisição de veículos - Prefixado,7,BCO DA AMAZONIA S.A.,04902979,1.13,14.48
2026-08-11,2026-08-17,,PESSOA FÍSICA,,Aquisição de veículos - Prefixado,8,BANCO HYUNDAI CAPITAL BRASIL,30172491,1.2,15.39
2026-08-11,2026-08-17,,PESSOA FÍSICA,,Aquisição de veículos - Prefixado,9,BCO DIGIMAIS S.A.,92874270,1.31,16.85
2026-08-11,2026-08-17,,PESSOA FÍSICA,,Aquisição de veículos - Prefixado,10,BCO GM S.A.,59274605,1.35,17.4
2026-08-11,2026-08-17,,PESSOA FÍSICA,,Aquisição de veículos - Prefixado,11,BANCO TRATON BRASIL S.A.,52067630,1.45,18.81
2026-08-11,2026-08-17,,PESSOA FÍSICA,,Aquisição de veículos - Prefixado,12,STELLANTIS FINANCIAMENTOS CFI,03502961,1.54,20.06
2026-08-11,2026-08-17,,PESSOA FÍSICA,,Aquisição de veículos - Prefixado,13,SCANIA BCO S.A.,11417016,1.54,20.13
2026-08-11,2026-08-17,,PESSOA FÍSICA,,Aquisição de veículos - Prefixado,14,BCO VOLVO BRASIL S.A.,58017179,1.54,20.19
2026-08-11,2026-08-17,,PESSOA FÍSICA,,Aquisição de veículos - Prefixado,15,SAFRA SCFI S.A.,45437547,1.68,22.16
2026-08-11,2026-08-17,,PESSOA FÍSICA,,Aquisição de veículos - Prefixado,16,BANCO INTER,00416968,1.7,22.42
2026-08-11,2026-08-17,,PESSOA FÍSICA,,Aquisição de veículos - Prefixado,17,BCO VOLKSWAGEN S.A,59109165,1.73,22.79
2026-08-11,2026-08-17,,PESSOA FÍSICA,,Aquisição de veículos - Prefixado,18,BCO BRADESCO S.A.,60746948,1.76,23.32
2026-08-11,2026-08-17,,PESSOA FÍSICA,,Aquisição de veículos - Prefixado,19,BCO TOYOTA DO BRASIL S.A.,03215790,1.76,23.33
2026-08-11,2026-08-17,,PESSOA FÍSICA,,Aquisição de veículos - Prefixado,20,BCO RODOBENS S.A.,33603457,1.77,23.4
2026-08-11,2026-08-17,,PESSOA FÍSICA,,Aquisição de veículos - Prefixado,21,BCO DO EST. DO PA S.A.,04913711,1.83,24.33
2026-08-11,2026-08-17,,PESSOA FÍSICA,,Aquisição de veículos - Prefixado,22,BCO DO BRASIL S.A.,00000000,1.85,24.57
2026-08-11,2026-08-17,,PESSOA FÍSICA,,Aquisição de veículos - Prefixado,23,SINOSSERRA S/A - SCFI,22639377,1.85,24.61
2026-08-11,2026-08-17,,PESSOA FÍSICA,,Aquisição de veículos - Prefixado,24,BRB - CFI S/A,33136888,1.9,25.34
2026-08-11,2026-08-17,,PESSOA FÍSICA,,Aquisição de veículos - Prefixado,25,PORTOSEG S.A. CFI,04862600,1.92,25.66
2026-08-11,2026-08-17,,PESSOA FÍSICA,,Aquisição de veículos - Prefixado,26,BCO C6 S.A.,31872495,1.95,26.04
2026-08-11,2026-08-17,,PESSOA FÍSICA,,Aquisição de veículos - Prefixado,27,SANTANDER SCFI S.A.,07707650,1.95,26.13
2026-08-11,2026-08-17,,PESSOA FÍSICA,,Aquisição de veículos - Prefixado,28,BCO BRADESCO FINANC. S.A.,07207996,1.95,26.15
2026-08-11,2026-08-17,,PESSOA FÍSICA,,Aquisição de veículos - Prefixado,29,BCO BRASILEIRO DE CRÉDITO S.A.,01852137,2.02,27.08
2026-08-11,2026-08-17,,PESSOA FÍSICA,,Aquisição de veículos - Prefixado,30,ITAÚ UNIBANCO HOLDING S.A.,60872504,2.07,27.88
2026-08-11,2026-08-17,,PESSOA FÍSICA,,Aquisição de veículos - Prefixado,31,BCO BANESTES S.A.,28127603,2.12,28.67
2026-08-11,2026-08-17,,PESSOA FÍSICA,,Aquisição de veículos - Prefixado,32,BCO VOTORANTIM S.A.,59588111,2.26,30.75
2026-08-11,2026-08-17,,PESSOA FÍSICA,,Aquisição de veículos - Prefixado,33,BCO HONDA S.A.,03634220,2.48,34.24
2026-08-11,2026-08-17,,PESSOA FÍSICA,,Aquisição de veículos - Prefixado,34,BCO YAMAHA MOTOR S.A.,10371492,2.57,35.6
2026-08-11,2026-08-17,,PESSOA FÍSICA,,Aquisição de veículos - Prefixado,35,AGORACRED S/A SCFI,36321990,2.83,39.84
2026-08-11,2026-08-17,,PESSOA FÍSICA,,Aquisição de veículos - Prefixado,36,BANCO PAN,59285411,2.9,40.9
2026-08-11,2026-08-17,,PESSOA FÍSICA,,Aquisição de veículos - Prefixado,37,FINAMAX S.A. CFI,00411939,3.07,43.75
2026-08-11,2026-08-17,,PESSOA FÍSICA,,Aquisição de veículos - Prefixado,38,BCO DAYCOVAL S.A,62232889,3.24,46.67
2026-08-11,2026-08-17,,PESSOA FÍSICA,,Aquisição de veículos - Prefixado,39,OMNI SA CFI,92228410,3.36,48.7
2026-08-11,2026-08-17,,PESSOA FÍSICA,,Cartão de crédito - parcelado - Prefixado,1,ZEMA CFI S/A,05351887,1.15,14.64
2026-08-11,2026-08-17,,PESSOA FÍSICA,,Cartão de crédito - parcelado - Prefixado,2,BCO AGIBANK S.A.,10664513,2.64,36.72
2026-08-11,2026-08-17,,PESSOA FÍSICA,,Cartão de crédito - parcelado - Prefixado,3,BCO BMG S.A.,61186680,2.65,36.85
2026-08-11,2026-08-17,,PESSOA FÍSICA,,Cartão de crédito - parcelado - Prefixado,4,BCO MERCANTIL DO BRASIL S.A.,17184037,3.0,42.57
2026-08-11,2026-08-17,,PESSOA FÍSICA,,Cartão de crédito - parcelado - Prefixado,5,BCO DAYCOVAL S.A,62232889,3.3,47.64
2026-08-11,2026-08-17,,PESSOA FÍSICA,,Cartão de crédito - parcelado - Prefixado,6,BCO INDUSTRIAL DO BRASIL S.A.,31895683,3.5,51.1
2026-08-11,2026-08-17,,PESSOA FÍSICA,,Cartão de crédito - parcelado - Prefixado,7,VIA CERTA FINANCIADORA S.A. - CFI,05192316,3.77,55.99
2026-08-11,2026-08-17,,PESSOA FÍSICA,,Cartão de crédito - parcelado - Prefixado,8,BCO ARBI S.A.,54403563,4.4,67.67
2026-08-11,2026-08-17,,PESSOA FÍSICA,,Cartão de crédito - parcelado - Prefixado,9,BANCO GENIAL,45246410,4.98,79.22
2026-08-11,2026-08-17,,PESSOA FÍSICA,,Cartão de crédito - parcelado - Prefixado,10,BCO C6 S.A.,31872495,5.56,91.36
2026-08-11,2026-08-17,,PESSOA FÍSICA,,Cartão de crédito - parcelado - Prefixado,11,BANCO BTG PACTUAL S.A.,30306294,5.78,96.36
2026-08-11,2026-08-17,,PESSOA FÍSICA,,Cartão de crédito - parcelado - Prefixado,12,BANCO BARI S.A.,00556603,5.87,98.18
2026-08-11,2026-08-17,,PESSOA FÍSICA,,Cartão de crédito - parcelado - Prefixado,13,HS FINANCEIRA,07512441,6.07,102.75
2026-08-11,2026-08-17,,PESSOA FÍSICA,,Cartão de crédito - parcelado - Prefixado,14,KREDILIG S.A. - CFI,06040559,6.35,109.3
2026-08-11,2026-08-17,,PESSOA FÍSICA,,Cartão de crédito - parcelado - Prefixado,15,BRB - BCO DE BRASILIA S.A.,00000208,6.37,109.79
2026-08-11,2026-08-17,,PESSOA FÍSICA,,Cartão de crédito - parcelado - Prefixado,16,BCO DO ESTADO DO RS S.A.,92702067,6.45,111.73
2026-08-11,2026-08-17,,PESSOA FÍSICA,,Cartão de crédito - parcelado - Prefixado,17,GOLCRED S/A - CFI,07631026,6.77,119.36
2026-08-11,2026-08-17,,PESSOA FÍSICA,,Cartão de crédito - parcelado - Prefixado,18,SCFI EFÍ S.A.,37229413,6.82,120.74
2026-08-11,2026-08-17,,PESSOA FÍSICA,,Cartão de crédito - parcelado - Prefixado,19,RP FINANCEIRA,44431743,6.96,124.31
2026-08-11,2026-08-17,,PESSOA FÍSICA,,Cartão de crédito - parcelado - Prefixado,20,BCO DO NORDESTE DO BRASIL S.A.,07237373,7.37,134.62
2026-08-11,2026-08-17,,PESSOA FÍSICA,,Cartão de crédito - parcelado - Prefixado,21,BCO XP S.A.,33264668,7.52,138.72
2026-08-11,2026-08-17,,PESSOA FÍSICA,,Cartão de crédito - parcelado - Prefixado,22,BANCO SICOOB S.A.,02038232,7.64,141.86
2026-08-11,2026-08-17,,PESSOA FÍSICA,,Cartão de crédito - parcelado - Prefixado,23,BCO RENDIMENTO S.A.,68900810,7.65,142.29
2026-08-11,2026-08-17,,PESSOA FÍSICA,,Cartão de crédito - parcelado - Prefixado,24,PORTOSEG S.A. CFI,04862600,7.76,145.16
2026-08-11,2026-08-17,,PESSOA FÍSICA,,Cartão de crédito - parcelado - Prefixado,25,BCO STELLANTIS S.A.,62237425,7.85,147.78
2026-08-11,2026-08-17,,PESSOA FÍSICA,,Cartão de crédito - parcelado - Prefixado,26,CARUANA SCFI,09313766,8.01,152.03
2026-08-11,2026-08-17,,PESSOA FÍSICA,,Cartão de crédito - parcelado - Prefixado,27,PICPAY BANK - BANCO MÚLTIPLO S.A,09516419,8.2,157.52
2026-08-11,2026-08-17,,PESSOA FÍSICA,,Cartão de crédito - parcelado - Prefixado,28,BCO BRADESCO S.A.,60746948,8.44,164.52
2026-08-11,2026-08-17,,PESSOA FÍSICA,,Cartão de crédito - parcelado - Prefixado,29,BCO DO BRASIL S.A.,00000000,8.59,168.68
2026-08-11,2026-08-17,,PESSOA FÍSICA,,Cartão de crédito - parcelado - Prefixado,30,CAIXA ECONOMICA FEDERAL,00360305,8.66,170.88
2026-08-11,2026-08-17,,PESSOA FÍSICA,,Cartão de crédito - parcelado - Prefixado,31,BANCO BRADESCARD,04184779,8.71,172.55
2026-08-11,2026-08-17,,PESSOA FÍSICA,,Cartão de crédito - parcelado - Prefixado,32,BCO DO EST. DO PA S.A.,04913711,8.81,175.35
2026-08-11,2026-08-17,,PESSOA FÍSICA,,Cartão de crédito - parcelado - Prefixado,33,BCO SAFRA S.A.,58160789,8.88,177.69
2026-08-11,2026-08-17,,PESSOA FÍSICA,,Cartão de crédito - parcelado - Prefixado,34,NU FINANCEIRA S.A. CFI,30680829,8.98,180.6
2026-08-11,2026-08-17,,PESSOA FÍSICA,,Cartão de crédito - parcelado - Prefixado,35,BANCO CNH INDUSTRIAL CAPITAL S.A,02992446,9.24,188.72
2026-08-11,2026-08-17,,PESSOA FÍSICA,,Cartão de crédito - parcelado - Prefixado,36,BCO TRIANGULO S.A.,17351180,9.55,198.9
2026-08-11,2026-08-17,,PESSOA FÍSICA,,Cartão de crédito - parcelado - Prefixado,37,ITAÚ UNIBANCO HOLDING S.A.,60872504,9.65,202.22
2026-08-11,2026-08-17,,PESSOA FÍSICA,,Cartão de crédito - parcelado - Prefixado,38,BCO AFINZ S.A. - BM,04814563,9.68,202.91
2026-08-11,2026-08-17,,PESSOA FÍSICA,,Cartão de crédito - parcelado - Prefixado,39,BCO SANTANDER (BRASIL) S.A.,90400888,9.76,205.71
2026-08-11,2026-08-17,,PESSOA FÍSICA,,Cartão de crédito - parcelado - Prefixado,40,NEON FINANCEIRA - SCFI S.A.,11285104,9.78,206.28
2026-08-11,2026-08-17,,PESSOA FÍSICA,,Cartão de crédito - parcelado - Prefixado,41,BCO BANESTES S.A.,28127603,9.93,211.39
2026-08-11,2026-08-17,,PESSOA FÍSICA,,Cartão de crédito - parcelado - Prefixado,42,BCO BV S.A.,01858774,10.27,223.25
2026-08-11,2026-08-17,,PESSOA FÍSICA,,Cartão de crédito - parcelado - Prefixado,43,BANCO INTER,00416968,10.3,224.1
2026-08-11,2026-08-17,,PESSOA FÍSICA,,Cartão de crédito - parcelado - Prefixado,44,BCO CSF S.A.,08357240,10.52,232.12
2026-08-11,2026-08-17,,PESSOA FÍSICA,,Cartão de crédito - parcelado - Prefixado,45,BCO SOFISA S.A.,60889128,10.71,238.95
2026-08-11,2026-08-17,,PESSOA FÍSICA,,Cartão de crédito - parcelado - Prefixado,46,BANCO PAN,59285411,10.91,246.4
2026-08-11,2026-08-17,,PESSOA FÍSICA,,Cartão de crédito - parcelado - Prefixado,47,DM SCFI,91669747,10.91,246.54
2026-08-11,2026-08-17,,PESSOA FÍSICA,,Cartão de crédito - parcelado - Prefixado,48,FIN. ITAU CBD CFI,06881898,11.74,278.95
2026-08-11,2026-08-17,,PESSOA FÍSICA,,Cartão de crédito - parcelado - Prefixado,49,BANCO INVESTCRED UNIBANCO S.A.,61182408,11.95,287.4
2026-08-11,2026-08-17,,PESSOA FÍSICA,,Cartão de crédito - parcelado - Prefixado,50,GAZINCRED S.A. SCFI,11760553,12.05,291.66
2026-08-11,2026-08-17,,PESSOA FÍSICA,,Cartão de crédito - parcelado - Prefixado,51,CREDIARE CFI S.A.,05676026,12.24,299.7
2026-08-11,2026-08-17,,PESSOA FÍSICA,,Cartão de crédito - parcelado - Prefixado,52,LUIZACRED S.A. SCFI,02206577,12.27,301.22
2026-08-11,2026-08-17,,PESSOA FÍSICA,,Cartão de crédito - parcelado - Prefixado,53,CALCRED S.A.,37122487,12.94,330.89
2026-08-11,2026-08-17,,PESSOA FÍSICA,,Cartão de crédito - parcelado - Prefixado,54,BANCO DIGIO,27098060,13.02,334.14
2026-08-11,2026-08-17,,PESSOA FÍSICA,,Cartão de crédito - parcelado - Prefixado,55,BCO CREFISA S.A.,61033106,13.66,364.88
2026-08-11,2026-08-17,,PESSOA FÍSICA,,Cartão de crédito - parcelado - Prefixado,56,BCO SENFF S.A.,11970623,14.43,404.23
2026-08-11,2026-08-17,,PESSOA FÍSICA,,Cartão de crédito - parcelado - Prefixado,57,PEFISA S.A. - C.F.I.,43180355,14.84,426.31
2026-08-11,2026-08-17,,PESSOA FÍSICA,,Cartão de crédito - parcelado - Prefixado,58,MIDWAY S.A. - SCFI,09464032,15.03,436.76
2026-08-11,2026-08-17,,PESSOA FÍSICA,,Cartão de crédito - parcelado - Prefixado,59,MERCADO CRÉDITO SCFI S.A.,37679449,15.53,465.4
2026-08-11,2026-08-17,,PESSOA FÍSICA,,Cartão de crédito - parcelado - Prefixado,60,REALIZE SCFI S.A.,27351731,16.13,501.33
2026-08-11,2026-08-17,,PESSOA FÍSICA,,Cartão de crédito - parcelado - Prefixado,61,BCO DO EST. DE SE S.A.,13009717,19.49,747.34
2026-08-11,2026-08-17,,PESSOA FÍSICA,,Cartão de crédito - rotativo total - Prefixado,1,ZEMA CFI S/A,05351887,0.34,4.13
2026-08-11,2026-08-17,,PESSOA FÍSICA,,Cartão de crédito - rotativo total - Prefixado,2,BCO INDUSTRIAL DO BRASIL S.A.,31895683,4.56,70.78
2026-08-11,2026-08-17,,PESSOA FÍSICA,,Cartão de crédito - rotativo total - Prefixado,3,BCO DAYCOVAL S.A,62232889,5.22,84.15
2026-08-11,2026-08-17,,PESSOA FÍSICA,,Cartão de crédito - rotativo total - Prefixado,4,BCO MERCANTIL DO BRASIL S.A.,17184037,5.48,89.77
2026-08-11,2026-08-17,,PESSOA FÍSICA,,Cartão de crédito - rotativo total - Prefixado,5,BCO AGIBANK S.A.,10664513,7.15,128.94
2026-08-11,2026-08-17,,PESSOA FÍSICA,,Cartão de crédito - rotativo total - Prefixado,6,BANCO GENIAL,45246410,8.83,176.16
2026-08-11,2026-08-17,,PESSOA FÍSICA,,Cartão de crédito - rotativo total - Prefixado,7,PORTOSEG S.A. CFI,04862600,9.01,181.68
2026-08-11,2026-08-17,,PESSOA FÍSICA,,Cartão de crédito - rotativo total - Prefixado,8,BCO STELLANTIS S.A.,62237425,9.07,183.5
2026-08-11,2026-08-17,,PESSOA FÍSICA,,Cartão de crédito - rotativo total - Prefixado,9,BCO DA AMAZONIA S.A.,04902979,9.58,199.66
2026-08-11,2026-08-17,,PESSOA FÍSICA,,Cartão de crédito - rotativo total - Prefixado,10,BCO XP S.A.,33264668,9.95,212.28
2026-08-11,2026-08-17,,PESSOA FÍSICA,,Cartão de crédito - rotativo total - Prefixado,11,BCO RENDIMENTO S.A.,68900810,9.99,213.34
2026-08-11,2026-08-17,,PESSOA FÍSICA,,Cartão de crédito - rotativo total - Prefixado,12,BANCO SICOOB S.A.,02038232,10.11,217.76
2026-08-11,2026-08-17,,PESSOA FÍSICA,,Cartão de crédito - rotativo total - Prefixado,13,BCO SAFRA S.A.,58160789,10.73,239.91
2026-08-11,2026-08-17,,PESSOA FÍSICA,,Cartão de crédito - rotativo total - Prefixado,14,RP FINANCEIRA,44431743,10.85,244.35
2026-08-11,2026-08-17,,PESSOA FÍSICA,,Cartão de crédito - rotativo total - Prefixado,15,BANCO BTG PACTUAL S.A.,30306294,11.11,254.09
2026-08-11,2026-08-17,,PESSOA FÍSICA,,Cartão de crédito - rotativo total - Prefixado,16,BANCO BARI S.A.,00556603,11.36,263.79
2026-08-11,2026-08-17,,PESSOA FÍSICA,,Cartão de crédito - rotativo total - Prefixado,17,ASA SCFI S.A.,48703388,11.99,289.11
2026-08-11,2026-08-17,,PESSOA FÍSICA,,Cartão de crédito - rotativo total - Prefixado,18,BCO DO NORDESTE DO BRASIL S.A.,07237373,12.03,290.96
2026-08-11,2026-08-17,,PESSOA FÍSICA,,Cartão de crédito - rotativo total - Prefixado,19,CAIXA ECONOMICA FEDERAL,00360305,12.03,290.96
2026-08-11,2026-08-17,,PESSOA FÍSICA,,Cartão de crédito - rotativo total - Prefixado,20,GAZINCRED S.A. SCFI,11760553,12.05,291.66
2026-08-11,2026-08-17,,PESSOA FÍSICA,,Cartão de crédito - rotativo total - Prefixado,21,BCO SOFISA S.A.,60889128,12.16,296.15
2026-08-11,2026-08-17,,PESSOA FÍSICA,,Cartão de crédito - rotativo total - Prefixado,22,CARUANA SCFI,09313766,12.18,297.38
2026-08-11,2026-08-17,,PESSOA FÍSICA,,Cartão de crédito - rotativo total - Prefixado,23,KREDILIG S.A. - CFI,06040559,12.51,311.36
2026-08-11,2026-08-17,,PESSOA FÍSICA,,Cartão de crédito - rotativo total - Prefixado,24,BCO DO BRASIL S.A.,00000000,12.79,323.76
2026-08-11,2026-08-17,,PESSOA FÍSICA,,Cartão de crédito - rotativo total - Prefixado,25,BCO BANESTES S.A.,28127603,12.95,331.16
2026-08-11,2026-08-17,,PESSOA FÍSICA,,Cartão de crédito - rotativo total - Prefixado,26,NU FINANCEIRA S.A. CFI,30680829,13.3,347.35
2026-08-11,2026-08-17,,PESSOA FÍSICA,,Cartão de crédito - rotativo total - Prefixado,27,BCO BRADESCO S.A.,60746948,13.48,356.01
2026-08-11,2026-08-17,,PESSOA FÍSICA,,Cartão de crédito - rotativo total - Prefixado,28,ITAÚ UNIBANCO HOLDING S.A.,60872504,14.47,406.26
2026-08-11,2026-08-17,,PESSOA FÍSICA,,Cartão de crédito - rotativo total - Prefixado,29,ASAAS CFI S.A,48786608,14.85,426.89
2026-08-11,2026-08-17,,PESSOA FÍSICA,,Cartão de crédito - rotativo total - Prefixado,30,HS FINANCEIRA,07512441,15.06,438.6
2026-08-11,2026-08-17,,PESSOA FÍSICA,,Cartão de crédito - rotativo total - Prefixado,31,SCFI EFÍ S.A.,37229413,15.09,440.32
2026-08-11,2026-08-17,,PESSOA FÍSICA,,Cartão de crédito - rotativo total - Prefixado,32,GOLCRED S/A - CFI,07631026,15.14,442.81
2026-08-11,2026-08-17,,PESSOA FÍSICA,,Cartão de crédito - rotativo total - Prefixado,33,BCO SANTANDER (BRASIL) S.A.,90400888,15.88,486.25
2026-08-11,2026-08-17,,PESSOA FÍSICA,,Cartão de crédito - rotativo total - Prefixado,34,BCO C6 S.A.,31872495,16.01,494.25
2026-08-11,2026-08-17,,PESSOA FÍSICA,,Cartão de crédito - rotativo total - Prefixado,35,FIN. ITAU CBD CFI,06881898,16.1,499.99
2026-08-11,2026-08-17,,PESSOA FÍSICA,,Cartão de crédito - rotativo total - Prefixado,36,BANCO INTER,00416968,16.13,501.35
2026-08-11,2026-08-17,,PESSOA FÍSICA,,Cartão de crédito - rotativo total - Prefixado,37,BANCO CNH INDUSTRIAL CAPITAL S.A,02992446,16.24,508.79
2026-08-11,2026-08-17,,PESSOA FÍSICA,,Cartão de crédito - rotativo total - Prefixado,38,BANCO INVESTCRED UNIBANCO S.A.,61182408,16.75,541.04
2026-08-11,2026-08-17,,PESSOA FÍSICA,,Cartão de crédito - rotativo total - Prefixado,39,BCO BMG S.A.,61186680,16.75,541.65
2026-08-11,2026-08-17,,PESSOA FÍSICA,,Cartão de crédito - rotativo total - Prefixado,40,CREDIARE CFI S.A.,05676026,16.84,547.25
2026-08-11,2026-08-17,,PESSOA FÍSICA,,Cartão de crédito - rotativo total - Prefixado,41,LUIZACRED S.A. SCFI,02206577,16.91,552.07
2026-08-11,2026-08-17,,PESSOA FÍSICA,,Cartão de crédito - rotativo total - Prefixado,42,BCO DO EST. DO PA S.A.,04913711,17.42,586.58
2026-08-11,2026-08-17,,PESSOA FÍSICA,,Cartão de crédito - rotativo total - Prefixado,43,BCO BV S.A.,01858774,17.65,603.22
2026-08-11,2026-08-17,,PESSOA FÍSICA,,Cartão de crédito - rotativo total - Prefixado,44,MERCADO CRÉDITO SCFI S.A.,37679449,18.01,629.16
2026-08-11,2026-08-17,,PESSOA FÍSICA,,Cartão de crédito - rotativo total - Prefixado,45,BCO SENFF S.A.,11970623,18.04,631.58
2026-08-11,2026-08-17,,PESSOA FÍSICA,,Cartão de crédito - rotativo total - Prefixado,46,BANCO BRADESCARD,04184779,18.11,636.86
2026-08-11,2026-08-17,,PESSOA FÍSICA,,Cartão de crédito - rotativo total - Prefixado,47,BCO DO ESTADO DO RS S.A.,92702067,18.48,665.27
2026-08-11,2026-08-17,,PESSOA FÍSICA,,Cartão de crédito - rotativo total - Prefixado,48,BANCO DIGIO,27098060,19.02,707.81
2026-08-11,2026-08-17,,PESSOA FÍSICA,,Cartão de crédito - rotativo total - Prefixado,49,BCO CSF S.A.,08357240,19.24,725.77
2026-08-11,2026-08-17,,PESSOA FÍSICA,,Cartão de crédito - rotativo total - Prefixado,50,BCO DO EST. DE SE S.A.,13009717,19.49,747.34
2026-08-11,2026-08-17,,PESSOA FÍSICA,,Cartão de crédito - rotativo total - Prefixado,51,PICPAY BANK - BANCO MÚLTIPLO S.A,09516419,19.63,759.01
2026-08-11,2026-08-17,,PESSOA FÍSICA,,Cartão de crédito - rotativo total - Prefixado,52,MIDWAY S.A. - SCFI,09464032,20.08,798.42
2026-08-11,2026-08-17,,PESSOA FÍSICA,,Cartão de crédito - rotativo total - Prefixado,53,BANCO PAN,59285411,20.28,817.04
2026-08-11,2026-08-17,,PESSOA FÍSICA,,Cartão de crédito - rotativo total - Prefixado,54,VIA CERTA FINANCIADORA S.A. - CFI,05192316,20.45,832.96
2026-08-11,2026-08-17,,PESSOA FÍSICA,,Cartão de crédito - rotativo total - Prefixado,55,COBUCCIO S.A. SCFI,36947229,20.53,840.44
2026-08-11,2026-08-17,,PESSOA FÍSICA,,Cartão de crédito - rotativo total - Prefixado,56,BCO AFINZ S.A. - BM,04814563,20.63,849.46
2026-08-11,2026-08-17,,PESSOA FÍSICA,,Cartão de crédito - rotativo total - Prefixado,57,NEON FINANCEIRA - SCFI S.A.,11285104,21.06,890.51
2026-08-11,2026-08-17,,PESSOA FÍSICA,,Cartão de crédito - rotativo total - Prefixado,58,REALIZE SCFI S.A.,27351731,21.07,891.78
2026-08-11,2026-08-17,,PESSOA FÍSICA,,Cartão de crédito - rotativo total - Prefixado,59,CALCRED S.A.,37122487,21.29,913.89
2026-08-11,2026-08-17,,PESSOA FÍSICA,,Cartão de crédito - rotativo total - Prefixado,60,BCO CREFISA S.A.,61033106,21.3,915.16
2026-08-11,2026-08-17,,PESSOA FÍSICA,,Cartão de crédito - rotativo total - Prefixado,61,DM SCFI,91669747,21.95,981.43
2026-08-11,2026-08-17,,PESSOA FÍSICA,,Cartão de crédito - rotativo total - Prefixado,62,BCO TRIANGULO S.A.,17351180,22.05,992.3
2026-08-11,2026-08-17,,PESSOA FÍSICA,,Cartão de crédito - rotativo total - Prefixado,63,PEFISA S.A. - C.F.I.,43180355,24.99,1353.93
2026-08-11,2026-08-17,,PESSOA FÍSICA,,Cheque especial - Prefixado,1,BCO INDUSTRIAL DO BRASIL S.A.,31895683,0.0,0.0
2026-08-11,2026-08-17,,PESSOA FÍSICA,,Cheque especial - Prefixado,2,BANCO PAN,59285411,0.63,7.78
2026-08-11,2026-08-17,,PESSOA FÍSICA,,Cheque especial - Prefixado,3,OURIBANK S.A.,78632767,2.18,29.48
2026-08-11,2026-08-17,,PESSOA FÍSICA,,Cheque especial - Prefixado,4,BCO GUANABARA S.A.,31880826,2.32,31.65
2026-08-11,2026-08-17,,PESSOA FÍSICA,,Cheque especial - Prefixado,5,BANCO SEMEAR,00795423,2.51,34.6
2026-08-11,2026-08-17,,PESSOA FÍSICA,,Cheque especial - Prefixado,6,BANCO ORIGINAL,92894922,3.37,48.85
2026-08-11,2026-08-17,,PESSOA FÍSICA,,Cheque especial - Prefixado,7,BANCO SICOOB S.A.,02038232,4.39,67.39
2026-08-11,2026-08-17,,PESSOA FÍSICA,,Cheque especial - Prefixado,8,BCO DO NORDESTE DO BRASIL S.A.,07237373,5.13,82.34
2026-08-11,2026-08-17,,PESSOA FÍSICA,,Cheque especial - Prefixado,9,BCO BANESTES S.A.,28127603,5.87,98.22
2026-08-11,2026-08-17,,PESSOA FÍSICA,,Cheque especial - Prefixado,10,BRB - BCO DE BRASILIA S.A.,00000208,6.03,101.98
2026-08-11,2026-08-17,,PESSOA FÍSICA,,Cheque especial - Prefixado,11,BCO DO EST. DO PA S.A.,04913711,7.31,133.26
2026-08-11,2026-08-17,,PESSOA FÍSICA,,Cheque especial - Prefixado,12,BCO DAYCOVAL S.A,62232889,7.42,136.12
2026-08-11,2026-08-17,,PESSOA FÍSICA,,Cheque especial - Prefixado,13,BCO XP S.A.,33264668,7.49,137.91
2026-08-11,2026-08-17,,PESSOA FÍSICA,,Cheque especial - Prefixado,14,BCO DO ESTADO DO RS S.A.,92702067,7.51,138.35
2026-08-11,2026-08-17,,PESSOA FÍSICA,,Cheque especial - Prefixado,15,BCO SAFRA S.A.,58160789,7.58,140.18
2026-08-11,2026-08-17,,PESSOA FÍSICA,,Cheque especial - Prefixado,16,BCO BRADESCO S.A.,60746948,8.01,152.01
2026-08-11,2026-08-17,,PESSOA FÍSICA,,Cheque especial - Prefixado,17,ITAÚ UNIBANCO S.A.,60701190,8.05,153.12
2026-08-11,2026-08-17,,PESSOA FÍSICA,,Cheque especial - Prefixado,18,BCO DA AMAZONIA S.A.,04902979,8.12,155.23
2026-08-11,2026-08-17,,PESSOA FÍSICA,,Cheque especial - Prefixado,19,CAIXA ECONOMICA FEDERAL,00360305,8.19,157.19
2026-08-11,2026-08-17,,PESSOA FÍSICA,,Cheque especial - Prefixado,20,BCO DO BRASIL S.A.,00000000,8.2,157.32
2026-08-11,2026-08-17,,PESSOA FÍSICA,,Cheque especial - Prefixado,21,BANCO BTG PACTUAL S.A.,30306294,8.21,157.78
2026-08-11,2026-08-17,,PESSOA FÍSICA,,Cheque especial - Prefixado,22,BCO RENDIMENTO S.A.,68900810,8.24,158.48
2026-08-11,2026-08-17,,PESSOA FÍSICA,,Cheque especial - Prefixado,23,BCO DO EST. DE SE S.A.,13009717,8.24,158.53
2026-08-11,2026-08-17,,PESSOA FÍSICA,,Cheque especial - Prefixado,24,BANCO INTER,00416968,8.26,159.22
2026-08-11,2026-08-17,,PESSOA FÍSICA,,Cheque especial - Prefixado,25,BCO SOFISA S.A.,60889128,8.26,159.31
2026-08-11,2026-08-17,,PESSOA FÍSICA,,Cheque especial - Prefixado,26,BCO SANTANDER (BRASIL) S.A.,90400888,8.27,159.5
2026-08-11,2026-08-17,,PESSOA FÍSICA,,Cheque especial - Prefixado,27,BCO C6 S.A.,31872495,8.27,159.6
2026-08-11,2026-08-17,,PESSOA FÍSICA,,Cheque especial - Prefixado,28,BCO CREFISA S.A.,61033106,8.27,159.6
2026-08-11,2026-08-17,,PESSOA FÍSICA,,Cheque especial - Prefixado,29,BCO MERCANTIL DO BRASIL S.A.,17184037,8.28,159.9
2026-08-11,2026-08-17,,PESSOA FÍSICA,,Crédito pessoal consignado INSS - Prefixado,1,NU FINANCEIRA S.A. CFI,30680829,1.52,19.82
2026-08-11,2026-08-17,,PESSOA FÍSICA,,Crédito pessoal consignado INSS - Prefixado,2,BCO PAULISTA S.A.,61820817,1.52,19.86
2026-08-11,2026-08-17,,PESSOA FÍSICA,,Crédito pessoal consignado INSS - Prefixado,3,BCO SAFRA S.A.,58160789,1.56,20.36
2026-08-11,2026-08-17,,PESSOA FÍSICA,,Crédito pessoal consignado INSS - Prefixado,4,MIDWAY S.A. - SCFI,09464032,1.58,20.7
2026-08-11,2026-08-17,,PESSOA FÍSICA,,Crédito pessoal consignado INSS - Prefixado,5,BANCOSEGURO S.A.,10264663,1.58,20.74
2026-08-11,2026-08-17,,PESSOA FÍSICA,,Crédito pessoal consignado INSS - Prefixado,6,BCO AGIBANK S.A.,10664513,1.64,21.51
2026-08-11,2026-08-17,,PESSOA FÍSICA,,Crédito pessoal consignado INSS - Prefixado,7,BANCO INBURSA,04866275,1.64,21.58
2026-08-11,2026-08-17,,PESSOA FÍSICA,,Crédito pessoal consignado INSS - Prefixado,8,FINANCEIRA ALFA S.A. - SCFI,17167412,1.68,22.09
2026-08-11,2026-08-17,,PESSOA FÍSICA,,Crédito pessoal consignado INSS - Prefixado,9,BANCO INTER,00416968,1.69,22.2
2026-08-11,2026-08-17,,PESSOA FÍSICA,,Crédito pessoal consignado INSS - Prefixado,10,PICPAY BANK - BANCO MÚLTIPLO S.A,09516419,1.7,22.35
2026-08-11,2026-08-17,,PESSOA FÍSICA,,Crédito pessoal consignado INSS - Prefixado,11,BANCO BARI S.A.,00556603,1.7,22.44
2026-08-11,2026-08-17,,PESSOA FÍSICA,,Crédito pessoal consignado INSS - Prefixado,12,BCO DO ESTADO DO RS S.A.,92702067,1.71,22.61
2026-08-11,2026-08-17,,PESSOA FÍSICA,,Crédito pessoal consignado INSS - Prefixado,13,BANCO SICOOB S.A.,02038232,1.73,22.79
2026-08-11,2026-08-17,,PESSOA FÍSICA,,Crédito pessoal consignado INSS - Prefixado,14,BANCO COOPERATIVO SICREDI,01181521,1.75,23.11
2026-08-11,2026-08-17,,PESSOA FÍSICA,,Crédito pessoal consignado INSS - Prefixado,15,BCO BANESTES S.A.,28127603,1.76,23.33
2026-08-11,2026-08-17,,PESSOA FÍSICA,,Crédito pessoal consignado INSS - Prefixado,16,BCO DO EST. DE SE S.A.,13009717,1.78,23.51
2026-08-11,2026-08-17,,PESSOA FÍSICA,,Crédito pessoal consignado INSS - Prefixado,17,MEUTUDO SCFI,03311443,1.78,23.52
2026-08-11,2026-08-17,,PESSOA FÍSICA,,Crédito pessoal consignado INSS - Prefixado,18,ITAÚ UNIBANCO S.A.,60701190,1.83,24.28
2026-08-11,2026-08-17,,PESSOA FÍSICA,,Crédito pessoal consignado INSS - Prefixado,19,BCO BMG S.A.,61186680,1.83,24.29
2026-08-11,2026-08-17,,PESSOA FÍSICA,,Crédito pessoal consignado INSS - Prefixado,20,BCO DO BRASIL S.A.,00000000,1.83,24.35
2026-08-11,2026-08-17,,PESSOA FÍSICA,,Crédito pessoal consignado INSS - Prefixado,21,BECKER FINANCEIRA SA - CFI,20443996,1.83,24.36
2026-08-11,2026-08-17,,PESSOA FÍSICA,,Crédito pessoal consignado INSS - Prefixado,22,BCO DAYCOVAL S.A,62232889,1.84,24.43
2026-08-11,2026-08-17,,PESSOA FÍSICA,,Crédito pessoal consignado INSS - Prefixado,23,CAIXA ECONOMICA FEDERAL,00360305,1.84,24.46
2026-08-11,2026-08-17,,PESSOA FÍSICA,,Crédito pessoal consignado INSS - Prefixado,24,BANCO PAN,59285411,1.84,24.49
2026-08-11,2026-08-17,,PESSOA FÍSICA,,Crédito pessoal consignado INSS - Prefixado,25,BCO C6 CONSIG,61348538,1.85,24.65
2026-08-11,2026-08-17,,PESSOA FÍSICA,,Crédito pessoal consignado INSS - Prefixado,26,BCO BRADESCO S.A.,60746948,1.86,24.69
2026-08-11,2026-08-17,,PESSOA FÍSICA,,Crédito pessoal consignado INSS - Prefixado,27,COBUCCIO S.A. SCFI,36947229,1.86,24.76
2026-08-11,2026-08-17,,PESSOA FÍSICA,,Crédito pessoal consignado INSS - Prefixado,28,BCO SANTANDER (BRASIL) S.A.,90400888,1.86,24.78
2026-08-11,2026-08-17,,PESSOA FÍSICA,,Crédito pessoal consignado INSS - Prefixado,29,FACTA S.A. CFI,15581638,1.87,24.83
2026-08-11,2026-08-17,,PESSOA FÍSICA,,Crédito pessoal consignado INSS - Prefixado,30,NOVO BCO CONTINENTAL S.A. - BM,74828799,1.87,24.93
2026-08-11,2026-08-17,,PESSOA FÍSICA,,Crédito pessoal consignado INSS - Prefixado,31,BANCO SEMEAR,00795423,1.88,24.97
2026-08-11,2026-08-17,,PESSOA FÍSICA,,Crédito pessoal consignado INSS - Prefixado,32,BANCO DIGIO,27098060,1.88,24.99
2026-08-11,2026-08-17,,PESSOA FÍSICA,,Crédito pessoal consignado INSS - Prefixado,33,BCO MERCANTIL DO BRASIL S.A.,17184037,1.88,25.03
2026-08-11,2026-08-17,,PESSOA FÍSICA,,Crédito pessoal consignado INSS - Prefixado,34,BRB - CFI S/A,33136888,1.88,25.09
2026-08-11,2026-08-17,,PESSOA FÍSICA,,Crédito pessoal consignado INSS - Prefixado,35,GAZINCRED S.A. SCFI,11760553,1.88,25.11
2026-08-11,2026-08-17,,PESSOA FÍSICA,,Crédito pessoal consignado INSS - Prefixado,36,BCO CSF S.A.,08357240,1.89,25.15
2026-08-11,2026-08-17,,PESSOA FÍSICA,,Crédito pessoal consignado INSS - Prefixado,37,PARANA BCO S.A.,14388334,1.91,25.49
2026-08-11,2026-08-17,,PESSOA FÍSICA,,Crédito pessoal consignado privado - Prefixado,1,COBUCCIO S.A. SCFI,36947229,1.61,21.16
2026-08-11,2026-08-17,,PESSOA FÍSICA,,Crédito pessoal consignado privado - Prefixado,2,COMPREV CFI S.A.,46241852,1.87,24.85
2026-08-11,2026-08-17,,PESSOA FÍSICA,,Crédito pessoal consignado privado - Prefixado,3,BCO DO EST. DE SE S.A.,13009717,1.99,26.68
2026-08-11,2026-08-17,,PESSOA FÍSICA,,Crédito pessoal consignado privado - Prefixado,4,BCO VOLKSWAGEN S.A,59109165,2.04,27.46
2026-08-11,2026-08-17,,PESSOA FÍSICA,,Crédito pessoal consignado privado - Prefixado,5,BCO DO NORDESTE DO BRASIL S.A.,07237373,2.09,28.23
2026-08-11,2026-08-17,,PESSOA FÍSICA,,Crédito pessoal consignado privado - Prefixado,6,BCO SENFF S.A.,11970623,2.12,28.56
2026-08-11,2026-08-17,,PESSOA FÍSICA,,Crédito pessoal consignado privado - Prefixado,7,BECKER FINANCEIRA SA - CFI,20443996,2.28,31.01
2026-08-11,2026-08-17,,PESSOA FÍSICA,,Crédito pessoal consignado privado - Prefixado,8,BANCO DIGIO,27098060,2.29,31.27
2026-08-11,2026-08-17,,PESSOA FÍSICA,,Crédito pessoal consignado privado - Prefixado,9,BCO BANESTES S.A.,28127603,2.32,31.66
2026-08-11,2026-08-17,,PESSOA FÍSICA,,Crédito pessoal consignado privado - Prefixado,10,BANCO SICOOB S.A.,02038232,2.36,32.37
2026-08-11,2026-08-17,,PESSOA FÍSICA,,Crédito pessoal consignado privado - Prefixado,11,PORTOSEG S.A. CFI,04862600,2.4,32.88
2026-08-11,2026-08-17,,PESSOA FÍSICA,,Crédito pessoal consignado privado - Prefixado,12,BCO SANTANDER (BRASIL) S.A.,90400888,2.44,33.51
2026-08-11,2026-08-17,,PESSOA FÍSICA,,Crédito pessoal consignado privado - Prefixado,13,BCO INDUSTRIAL DO BRASIL S.A.,31895683,2.62,36.42
2026-08-11,2026-08-17,,PESSOA FÍSICA,,Crédito pessoal consignado privado - Prefixado,14,BANCO INBURSA,04866275,2.75,38.54
2026-08-11,2026-08-17,,PESSOA FÍSICA,,Crédito pessoal consignado privado - Prefixado,15,HS FINANCEIRA,07512441,2.77,38.83
2026-08-11,2026-08-17,,PESSOA FÍSICA,,Crédito pessoal consignado privado - Prefixado,16,BANCO INTER,00416968,2.93,41.49
2026-08-11,2026-08-17,,PESSOA FÍSICA,,Crédito pessoal consignado privado - Prefixado,17,BCO SAFRA S.A.,58160789,2.94,41.57
2026-08-11,2026-08-17,,PESSOA FÍSICA,,Crédito pessoal consignado privado - Prefixado,18,CAIXA ECONOMICA FEDERAL,00360305,3.04,43.21
2026-08-11,2026-08-17,,PESSOA FÍSICA,,Crédito pessoal consignado privado - Prefixado,19,MIDWAY S.A. - SCFI,09464032,3.07,43.72
2026-08-11,2026-08-17,,PESSOA FÍSICA,,Crédito pessoal consignado privado - Prefixado,20,BCO DO EST. DO PA S.A.,04913711,3.09,44.05
2026-08-11,2026-08-17,,PESSOA FÍSICA,,Crédito pessoal consignado privado - Prefixado,21,SANTINVEST S.A. - CFI,00122327,3.13,44.7
2026-08-11,2026-08-17,,PESSOA FÍSICA,,Crédito pessoal consignado privado - Prefixado,22,BANCO BTG PACTUAL S.A.,30306294,3.15,45.06
2026-08-11,2026-08-17,,PESSOA FÍSICA,,Crédito pessoal consignado privado - Prefixado,23,BCO DO BRASIL S.A.,00000000,3.16,45.26
2026-08-11,2026-08-17,,PESSOA FÍSICA,,Crédito pessoal consignado privado - Prefixado,24,GAZINCRED S.A. SCFI,11760553,3.33,48.23
2026-08-11,2026-08-17,,PESSOA FÍSICA,,Crédito pessoal consignado privado - Prefixado,25,BCO BRADESCO S.A.,60746948,3.35,48.46
2026-08-11,2026-08-17,,PESSOA FÍSICA,,Crédito pessoal consignado privado - Prefixado,26,AL5 S.A. SCFI,27214112,3.36,48.69
2026-08-11,2026-08-17,,PESSOA FÍSICA,,Crédito pessoal consignado privado - Prefixado,27,BCO XP S.A.,33264668,3.39,49.11
2026-08-11,2026-08-17,,PESSOA FÍSICA,,Crédito pessoal consignado privado - Prefixado,28,MERCADO CRÉDITO SCFI S.A.,37679449,3.4,49.44
2026-08-11,2026-08-17,,PESSOA FÍSICA,,Crédito pessoal consignado privado - Prefixado,29,BANCOSEGURO S.A.,10264663,3.42,49.72
2026-08-11,2026-08-17,,PESSOA FÍSICA,,Crédito pessoal consignado privado - Prefixado,30,ZEMA CFI S/A,05351887,3.44,50.07
2026-08-11,2026-08-17,,PESSOA FÍSICA,,Crédito pessoal consignado privado - Prefixado,31,BCO BMG S.A.,61186680,3.52,51.44
2026-08-11,2026-08-17,,PESSOA FÍSICA,,Crédito pessoal consignado privado - Prefixado,32,ITAÚ UNIBANCO S.A.,60701190,3.53,51.63
2026-08-11,2026-08-17,,PESSOA FÍSICA,,Crédito pessoal consignado privado - Prefixado,33,NU FINANCEIRA S.A. CFI,30680829,3.55,51.95
2026-08-11,2026-08-17,,PESSOA FÍSICA,,Crédito pessoal consignado privado - Prefixado,34,BCO BV S.A.,01858774,3.7,54.62
2026-08-11,2026-08-17,,PESSOA FÍSICA,,Crédito pessoal consignado privado - Prefixado,35,MEUTUDO SCFI,03311443,3.72,54.99
2026-08-11,2026-08-17,,PESSOA FÍSICA,,Crédito pessoal consignado privado - Prefixado,36,PAN FINAN,02682287,3.75,55.58
2026-08-11,2026-08-17,,PESSOA FÍSICA,,Crédito pessoal consignado privado - Prefixado,37,BCO DO ESTADO DO RS S.A.,92702067,3.79,56.19
2026-08-11,2026-08-17,,PESSOA FÍSICA,,Crédito pessoal consignado privado - Prefixado,38,BCO MERCANTIL DO BRASIL S.A.,17184037,3.82,56.82
2026-08-11,2026-08-17,,PESSOA FÍSICA,,Crédito pessoal consignado privado - Prefixado,39,NOVO BCO CONTINENTAL S.A. - BM,74828799,3.99,59.99
2026-08-11,2026-08-17,,PESSOA FÍSICA,,Crédito pessoal consignado privado - Prefixado,40,NEON FINANCEIRA - SCFI S.A.,11285104,4.15,62.94
2026-08-11,2026-08-17,,PESSOA FÍSICA,,Crédito pessoal consignado privado - Prefixado,41,PICPAY BANK - BANCO MÚLTIPLO S.A,09516419,4.19,63.69
2026-08-11,2026-08-17,,PESSOA FÍSICA,,Crédito pessoal consignado privado - Prefixado,42,BANCO PAN,59285411,4.26,64.94
2026-08-11,2026-08-17,,PESSOA FÍSICA,,Crédito pessoal consignado privado - Prefixado,43,BCO AGIBANK S.A.,10664513,4.5,69.62
2026-08-11,2026-08-17,,PESSOA FÍSICA,,Crédito pessoal consignado privado - Prefixado,44,BCO PAULISTA S.A.,61820817,4.5,69.68
2026-08-11,2026-08-17,,PESSOA FÍSICA,,Crédito pessoal consignado privado - Prefixado,45,LECCA CFI S.A.,07652226,4.6,71.62
2026-08-11,2026-08-17,,PESSOA FÍSICA,,Crédito pessoal consignado privado - Prefixado,46,BCO C6 CONSIG,61348538,4.63,72.21
2026-08-11,2026-08-17,,PESSOA FÍSICA,,Crédito pessoal consignado privado - Prefixado,47,BCO ARBI S.A.,54403563,4.69,73.36
2026-08-11,2026-08-17,,PESSOA FÍSICA,,Crédito pessoal consignado privado - Prefixado,48,RPW S.A. SCFI,06249129,4.88,77.21
2026-08-11,2026-08-17,,PESSOA FÍSICA,,Crédito pessoal consignado privado - Prefixado,49,BCO PINE S.A.,62144175,4.89,77.43
2026-08-11,2026-08-17,,PESSOA FÍSICA,,Crédito pessoal consignado privado - Prefixado,50,VALOR S/A SCFI,07799277,4.97,79.01
2026-08-11,2026-08-17,,PESSOA FÍSICA,,Crédito pessoal consignado privado - Prefixado,51,BCO DAYCOVAL S.A,62232889,4.97,79.06
2026-08-11,2026-08-17,,PESSOA FÍSICA,,Crédito pessoal consignado privado - Prefixado,52,FACTA S.A. CFI,15581638,4.99,79.36
2026-08-11,2026-08-17,,PESSOA FÍSICA,,Crédito pessoal consignado privado - Prefixado,53,PARANA BCO S.A.,14388334,5.11,81.94
2026-08-11,2026-08-17,,PESSOA FÍSICA,,Crédito pessoal consignado privado - Prefixado,54,NEGRESCO S.A. - CFI,04379829,5.62,92.67
2026-08-11,2026-08-17,,PESSOA FÍSICA,,Crédito pessoal consignado público - Prefixado,1,BANCO COOPERATIVO SICREDI,01181521,1.49,19.38
2026-08-11,2026-08-17,,PESSOA FÍSICA,,Crédito pessoal consignado público - Prefixado,2,BCO ALFA S.A.,03323840,1.5,19.63
2026-08-11,2026-08-17,,PESSOA FÍSICA,,Crédito pessoal consignado público - Prefixado,3,BANCO INBURSA,04866275,1.52,19.88
2026-08-11,2026-08-17,,PESSOA FÍSICA,,Crédito pessoal consignado público - Prefixado,4,NU FINANCEIRA S.A. CFI,30680829,1.55,20.26
2026-08-11,2026-08-17,,PESSOA FÍSICA,,Crédito pessoal consignado público - Prefixado,5,BCO SAFRA S.A.,58160789,1.56,20.44
2026-08-11,2026-08-17,,PESSOA FÍSICA,,Crédito pessoal consignado público - Prefixado,6,FINANCEIRA ALFA S.A. - SCFI,17167412,1.56,20.45
2026-08-11,2026-08-17,,PESSOA FÍSICA,,Crédito pessoal consignado público - Prefixado,7,MIDWAY S.A. - SCFI,09464032,1.61,21.09
2026-08-11,2026-08-17,,PESSOA FÍSICA,,Crédito pessoal consignado público - Prefixado,8,BCO ARBI S.A.,54403563,1.63,21.37
2026-08-11,2026-08-17,,PESSOA FÍSICA,,Crédito pessoal consignado público - Prefixado,9,BANCO INTER,00416968,1.64,21.48
2026-08-11,2026-08-17,,PESSOA FÍSICA,,Crédito pessoal consignado público - Prefixado,10,BCO AGIBANK S.A.,10664513,1.65,21.63
2026-08-11,2026-08-17,,PESSOA FÍSICA,,Crédito pessoal consignado público - Prefixado,11,BCO C6 CONSIG,61348538,1.65,21.76
2026-08-11,2026-08-17,,PESSOA FÍSICA,,Crédito pessoal consignado público - Prefixado,12,BCO BANESTES S.A.,28127603,1.67,21.97
2026-08-11,2026-08-17,,PESSOA FÍSICA,,Crédito pessoal consignado público - Prefixado,13,BRB - CFI S/A,33136888,1.69,22.21
2026-08-11,2026-08-17,,PESSOA FÍSICA,,Crédito pessoal consignado público - Prefixado,14,PICPAY BANK - BANCO MÚLTIPLO S.A,09516419,1.71,22.59
2026-08-11,2026-08-17,,PESSOA FÍSICA,,Crédito pessoal consignado público - Prefixado,15,BCO DO ESTADO DO RS S.A.,92702067,1.72,22.65
2026-08-11,2026-08-17,,PESSOA FÍSICA,,Crédito pessoal consignado público - Prefixado,16,ITAÚ UNIBANCO S.A.,60701190,1.73,22.86
2026-08-11,2026-08-17,,PESSOA FÍSICA,,Crédito pessoal consignado público - Prefixado,17,BCO BRADESCO S.A.,60746948,1.73,22.91
2026-08-11,2026-08-17,,PESSOA FÍSICA,,Crédito pessoal consignado público - Prefixado,18,CAIXA ECONOMICA FEDERAL,00360305,1.74,23.03
2026-08-11,2026-08-17,,PESSOA FÍSICA,,Crédito pessoal consignado público - Prefixado,19,BCO DO NORDESTE DO BRASIL S.A.,07237373,1.76,23.26
2026-08-11,2026-08-17,,PESSOA FÍSICA,,Crédito pessoal consignado público - Prefixado,20,BANCO SICOOB S.A.,02038232,1.8,23.86
2026-08-11,2026-08-17,,PESSOA FÍSICA,,Crédito pessoal consignado público - Prefixado,21,FACTA S.A. CFI,15581638,1.8,23.9
2026-08-11,2026-08-17,,PESSOA FÍSICA,,Crédito pessoal consignado público - Prefixado,22,BCO DO EST. DO PA S.A.,04913711,1.82,24.22
2026-08-11,2026-08-17,,PESSOA FÍSICA,,Crédito pessoal consignado público - Prefixado,23,BANCO DIGIO,27098060,1.84,24.46
2026-08-11,2026-08-17,,PESSOA FÍSICA,,Crédito pessoal consignado público - Prefixado,24,BANCO PAN,59285411,1.84,24.49
2026-08-11,2026-08-17,,PESSOA FÍSICA,,Crédito pessoal consignado público - Prefixado,25,BCO SANTANDER (BRASIL) S.A.,90400888,1.85,24.59
2026-08-11,2026-08-17,,PESSOA FÍSICA,,Crédito pessoal consignado público - Prefixado,26,BANCO BARI S.A.,00556603,1.85,24.66
2026-08-11,2026-08-17,,PESSOA FÍSICA,,Crédito pessoal consignado público - Prefixado,27,BRB - BCO DE BRASILIA S.A.,00000208,1.86,24.75
2026-08-11,2026-08-17,,PESSOA FÍSICA,,Crédito pessoal consignado público - Prefixado,28,PARANA BCO S.A.,14388334,1.87,24.9
2026-08-11,2026-08-17,,PESSOA FÍSICA,,Crédito pessoal consignado público - Prefixado,29,BCO DO BRASIL S.A.,00000000,1.89,25.21
2026-08-11,2026-08-17,,PESSOA FÍSICA,,Crédito pessoal consignado público - Prefixado,30,BCO BMG S.A.,61186680,2.01,26.95
2026-08-11,2026-08-17,,PESSOA FÍSICA,,Crédito pessoal consignado público - Prefixado,31,COBUCCIO S.A. SCFI,36947229,2.03,27.23
2026-08-11,2026-08-17,,PESSOA FÍSICA,,Crédito pessoal consignado público - Prefixado,32,BCO DO EST. DE SE S.A.,13009717,2.05,27.59
2026-08-11,2026-08-17,,PESSOA FÍSICA,,Crédito pessoal consignado público - Prefixado,33,SANTINVEST S.A. - CFI,00122327,2.06,27.64
2026-08-11,2026-08-17,,PESSOA FÍSICA,,Crédito pessoal consignado público - Prefixado,34,BCO SENFF S.A.,11970623,2.13,28.7
2026-08-11,2026-08-17,,PESSOA FÍSICA,,Crédito pessoal consignado público - Prefixado,35,GAZINCRED S.A. SCFI,11760553,2.13,28.78
2026-08-11,2026-08-17,,PESSOA FÍSICA,,Crédito pessoal consignado público - Prefixado,36,BCO INDUSTRIAL DO BRASIL S.A.,31895683,2.29,31.24
2026-08-11,2026-08-17,,PESSOA FÍSICA,,Crédito pessoal consignado público - Prefixado,37,BCO DAYCOVAL S.A,62232889,2.38,32.59
2026-08-11,2026-08-17,,PESSOA FÍSICA,,Crédito pessoal consignado público - Prefixado,38,COMPREV CFI S.A.,46241852,2.45,33.77
2026-08-11,2026-08-17,,PESSOA FÍSICA,,Crédito pessoal consignado público - Prefixado,39,BCO DIGIMAIS S.A.,92874270,2.87,40.35
2026-08-11,2026-08-17,,PESSOA FÍSICA,,Crédito pessoal consignado público - Prefixado,40,BARU SCFI S/A,42723848,3.0,42.56
2026-08-11,2026-08-17,,PESSOA FÍSICA,,Crédito pessoal consignado público - Prefixado,41,LECCA CFI S.A.,07652226,3.6,52.83
2026-08-11,2026-08-17,,PESSOA FÍSICA,,Crédito pessoal consignado público - Prefixado,42,BCO PINE S.A.,62144175,3.61,53.01
2026-08-11,2026-08-17,,PESSOA FÍSICA,,Crédito pessoal consignado público - Prefixado,43,BCO PAULISTA S.A.,61820817,3.95,59.1
2026-08-11,2026-08-17,,PESSOA FÍSICA,,Crédito pessoal consignado público - Prefixado,44,QISTA S.A. CFI,36583700,5.06,80.91
2026-08-11,2026-08-17,,PESSOA FÍSICA,,Crédito pessoal consignado público - Prefixado,45,HARMOS S.A. - SCFI,56392166,5.82,97.16
2026-08-11,2026-08-17,,PESSOA FÍSICA,,Crédito pessoal consignado público - Prefixado,46,VALOR S/A SCFI,07799277,6.48,112.37
2026-08-11,2026-08-17,,PESSOA FÍSICA,,Crédito pessoal não consignado - Prefixado,1,BCO RNX S.A.,80271455,0.02,0.24
2026-08-11,2026-08-17,,PESSOA FÍSICA,,Crédito pessoal não consignado - Prefixado,2,DM SCFI,91669747,1.24,15.94
2026-08-11,2026-08-17,,PESSOA FÍSICA,,Crédito pessoal não consignado - Prefixado,3,BCO SAFRA S.A.,58160789,1.6,20.98
2026-08-11,2026-08-17,,PESSOA FÍSICA,,Crédito pessoal não consignado - Prefixado,4,BANCOSEGURO S.A.,10264663,1.64,21.55
2026-08-11,2026-08-17,,PESSOA FÍSICA,,Crédito pessoal não consignado - Prefixado,5,BCO BS2 S.A.,71027866,1.64,21.56
2026-08-11,2026-08-17,,PESSOA FÍSICA,,Crédito pessoal não consignado - Prefixado,6,BANCO SICOOB S.A.,02038232,1.68,22.12
2026-08-11,2026-08-17,,PESSOA FÍSICA,,Crédito pessoal não consignado - Prefixado,7,BCO. J.SAFRA S.A.,03017677,1.68,22.13
2026-08-11,2026-08-17,,PESSOA FÍSICA,,Crédito pessoal não consignado - Prefixado,8,BANCO INTER,00416968,1.79,23.68
2026-08-11,2026-08-17,,PESSOA FÍSICA,,Crédito pessoal não consignado - Prefixado,9,BCO C6 CONSIG,61348538,1.8,23.88
2026-08-11,2026-08-17,,PESSOA FÍSICA,,Crédito pessoal não consignado - Prefixado,10,BANCO ORIGINAL,92894922,1.84,24.52
2026-08-11,2026-08-17,,PESSOA FÍSICA,,Crédito pessoal não consignado - Prefixado,11,BCO INDUSTRIAL DO BRASIL S.A.,31895683,1.91,25.47
2026-08-11,2026-08-17,,PESSOA FÍSICA,,Crédito pessoal não consignado - Prefixado,12,PAN FINAN,02682287,1.93,25.79
2026-08-11,2026-08-17,,PESSOA FÍSICA,,Crédito pessoal não consignado - Prefixado,13,SINOSSERRA S/A - SCFI,22639377,1.95,26.02
2026-08-11,2026-08-17,,PESSOA FÍSICA,,Crédito pessoal não consignado - Prefixado,14,PARANA BCO S.A.,14388334,1.97,26.34
2026-08-11,2026-08-17,,PESSOA FÍSICA,,Crédito pessoal não consignado - Prefixado,15,TENTOS S.A. CFI,41498340,1.99,26.72
2026-08-11,2026-08-17,,PESSOA FÍSICA,,Crédito pessoal não consignado - Prefixado,16,PLANTAE CFI,35551187,2.09,28.17
2026-08-11,2026-08-17,,PESSOA FÍSICA,,Crédito pessoal não consignado - Prefixado,17,RPW S.A. SCFI,06249129,2.22,30.16
2026-08-11,2026-08-17,,PESSOA FÍSICA,,Crédito pessoal não consignado - Prefixado,18,OURIBANK S.A.,78632767,2.29,31.18
2026-08-11,2026-08-17,,PESSOA FÍSICA,,Crédito pessoal não consignado - Prefixado,19,BCO DA AMAZONIA S.A.,04902979,2.36,32.25
2026-08-11,2026-08-17,,PESSOA FÍSICA,,Crédito pessoal não consignado - Prefixado,20,BCO TOYOTA DO BRASIL S.A.,03215790,2.45,33.63
2026-08-11,2026-08-17,,PESSOA FÍSICA,,Crédito pessoal não consignado - Prefixado,21,BARU SCFI S/A,42723848,2.51,34.6
2026-08-11,2026-08-17,,PESSOA FÍSICA,,Crédito pessoal não consignado - Prefixado,22,STARA FINANCEIRA S.A. - CFI,17359351,2.56,35.46
2026-08-11,2026-08-17,,PESSOA FÍSICA,,Crédito pessoal não consignado - Prefixado,23,BCO C6 S.A.,31872495,2.59,35.97
2026-08-11,2026-08-17,,PESSOA FÍSICA,,Crédito pessoal não consignado - Prefixado,24,SANTANDER SCFI S.A.,07707650,2.65,36.88
2026-08-11,2026-08-17,,PESSOA FÍSICA,,Crédito pessoal não consignado - Prefixado,25,BCO VOTORANTIM S.A.,59588111,2.69,37.57
2026-08-11,2026-08-17,,PESSOA FÍSICA,,Crédito pessoal não consignado - Prefixado,26,BCO BRADESCO FINANC. S.A.,07207996,2.7,37.72
2026-08-11,2026-08-17,,PESSOA FÍSICA,,Crédito pessoal não consignado - Prefixado,27,ASA SCFI S.A.,48703388,2.81,39.44
2026-08-11,2026-08-17,,PESSOA FÍSICA,,Crédito pessoal não consignado - Prefixado,28,AL5 S.A. SCFI,27214112,2.9,40.96
2026-08-11,2026-08-17,,PESSOA FÍSICA,,Crédito pessoal não consignado - Prefixado,29,CAIXA ECONOMICA FEDERAL,00360305,3.05,43.4
2026-08-11,2026-08-17,,PESSOA FÍSICA,,Crédito pessoal não consignado - Prefixado,30,BCO DO EST. DE SE S.A.,13009717,3.09,44.12
2026-08-11,2026-08-17,,PESSOA FÍSICA,,Crédito pessoal não consignado - Prefixado,31,BANCO BTG PACTUAL S.A.,30306294,3.13,44.75
2026-08-11,2026-08-17,,PESSOA FÍSICA,,Crédito pessoal não consignado - Prefixado,32,BCO SANTANDER (BRASIL) S.A.,90400888,3.21,46.15
2026-08-11,2026-08-17,,PESSOA FÍSICA,,Crédito pessoal não consignado - Prefixado,33,BANCO BARI S.A.,00556603,3.3,47.66
2026-08-11,2026-08-17,,PESSOA FÍSICA,,Crédito pessoal não consignado - Prefixado,34,BCO XP S.A.,33264668,3.33,48.23
2026-08-11,2026-08-17,,PESSOA FÍSICA,,Crédito pessoal não consignado - Prefixado,35,OMNI SA CFI,92228410,3.74,55.3
2026-08-11,2026-08-17,,PESSOA FÍSICA,,Crédito pessoal não consignado - Prefixado,36,BCO DO BRASIL S.A.,00000000,3.83,56.99
2026-08-11,2026-08-17,,PESSOA FÍSICA,,Crédito pessoal não consignado - Prefixado,37,BCO DO ESTADO DO RS S.A.,92702067,3.9,58.2
2026-08-11,2026-08-17,,PESSOA FÍSICA,,Crédito pessoal não consignado - Prefixado,38,ITAÚ UNIBANCO S.A.,60701190,3.99,59.87
2026-08-11,2026-08-17,,PESSOA FÍSICA,,Crédito pessoal não consignado - Prefixado,39,PORTOSEG S.A. CFI,04862600,4.35,66.67
2026-08-11,2026-08-17,,PESSOA FÍSICA,,Crédito pessoal não consignado - Prefixado,40,BCO DO NORDESTE DO BRASIL S.A.,07237373,4.58,71.14
2026-08-11,2026-08-17,,PESSOA FÍSICA,,Crédito pessoal não consignado - Prefixado,41,BCO BANESTES S.A.,28127603,4.73,74.1
2026-08-11,2026-08-17,,PESSOA FÍSICA,,Crédito pessoal não consignado - Prefixado,42,BRB - BCO DE BRASILIA S.A.,00000208,5.02,80.02
2026-08-11,2026-08-17,,PESSOA FÍSICA,,Crédito pessoal não consignado - Prefixado,43,FINAMAX S.A. CFI,00411939,5.48,89.61
2026-08-11,2026-08-17,,PESSOA FÍSICA,,Crédito pessoal não consignado - Prefixado,44,BCO BRADESCO S.A.,60746948,5.68,94.11
2026-08-11,2026-08-17,,PESSOA FÍSICA,,Crédito pessoal não consignado - Prefixado,45,NU FINANCEIRA S.A. CFI,30680829,6.25,106.91
2026-08-11,2026-08-17,,PESSOA FÍSICA,,Crédito pessoal não consignado - Prefixado,46,BCO RENDIMENTO S.A.,68900810,6.33,108.92
2026-08-11,2026-08-17,,PESSOA FÍSICA,,Crédito pessoal não consignado - Prefixado,47,BCO DO EST. DO PA S.A.,04913711,6.53,113.61
2026-08-11,2026-08-17,,PESSOA FÍSICA,,Crédito pessoal não consignado - Prefixado,48,BANCO DIGIO,27098060,6.65,116.59
2026-08-11,2026-08-17,,PESSOA FÍSICA,,Crédito pessoal não consignado - Prefixado,49,KREDILIG S.A. - CFI,06040559,7.5,138.12
2026-08-11,2026-08-17,,PESSOA FÍSICA,,Crédito pessoal não consignado - Prefixado,50,NEON FINANCEIRA - SCFI S.A.,11285104,7.61,141.0
2026-08-11,2026-08-17,,PESSOA FÍSICA,,Crédito pessoal não consignado - Prefixado,51,BCO AGIBANK S.A.,10664513,7.88,148.57
2026-08-11,2026-08-17,,PESSOA FÍSICA,,Crédito pessoal não consignado - Prefixado,52,BECKER FINANCEIRA SA - CFI,20443996,8.19,157.05
2026-08-11,2026-08-17,,PESSOA FÍSICA,,Crédito pessoal não consignado - Prefixado,53,PICPAY BANK - BANCO MÚLTIPLO S.A,09516419,8.7,171.98
2026-08-11,2026-08-17,,PESSOA FÍSICA,,Crédito pessoal não consignado - Prefixado,54,GAZINCRED S.A. SCFI,11760553,8.74,173.22
2026-08-11,2026-08-17,,PESSOA FÍSICA,,Crédito pessoal não consignado - Prefixado,55,BANCO PAN,59285411,8.82,175.76
2026-08-11,2026-08-17,,PESSOA FÍSICA,,Crédito pessoal não consignado - Prefixado,56,MERCADO CRÉDITO SCFI S.A.,37679449,8.96,179.95
2026-08-11,2026-08-17,,PESSOA FÍSICA,,Crédito pessoal não consignado - Prefixado,57,99PAY SCFI,59379565,8.96,180.13
2026-08-11,2026-08-17,,PESSOA FÍSICA,,Crédito pessoal não consignado - Prefixado,58,AGORACRED S/A SCFI,36321990,9.9,210.28
2026-08-11,2026-08-17,,PESSOA FÍSICA,,Crédito pessoal não consignado - Prefixado,59,BCO AFINZ S.A. - BM,04814563,9.93,211.47
2026-08-11,2026-08-17,,PESSOA FÍSICA,,Crédito pessoal não consignado - Prefixado,60,LEBES FINANCEIRA S.A. - CFI,11271860,10.68,237.76
2026-08-11,2026-08-17,,PESSOA FÍSICA,,Crédito pessoal não consignado - Prefixado,61,CALCRED S.A.,37122487,10.84,243.88
2026-08-11,2026-08-17,,PESSOA FÍSICA,,Crédito pessoal não consignado - Prefixado,62,GRAZZIOTIN FINANCEIRA S/A,06339468,11.06,251.95
2026-08-11,2026-08-17,,PESSOA FÍSICA,,Crédito pessoal não consignado - Prefixado,63,CENTROCRED S.A. CFI,26225776,11.65,275.27
2026-08-11,2026-08-17,,PESSOA FÍSICA,,Crédito pessoal não consignado - Prefixado,64,PEFISA S.A. - C.F.I.,43180355,11.9,285.51
2026-08-11,2026-08-17,,PESSOA FÍSICA,,Crédito pessoal não consignado - Prefixado,65,BCO MERCANTIL DO BRASIL S.A.,17184037,12.04,291.41
2026-08-11,2026-08-17,,PESSOA FÍSICA,,Crédito pessoal não consignado - Prefixado,66,CLOUDWALK FINANCEIRA S.A. CFI,05503849,12.27,300.88
2026-08-11,2026-08-17,,PESSOA FÍSICA,,Crédito pessoal não consignado - Prefixado,67,CREFISA S.A. CFI,60779196,12.41,306.99
2026-08-11,2026-08-17,,PESSOA FÍSICA,,Crédito pessoal não consignado - Prefixado,68,BCO SENFF S.A.,11970623,12.41,307.24
2026-08-11,2026-08-17,,PESSOA FÍSICA,,Crédito pessoal não consignado - Prefixado,69,CREDIARE CFI S.A.,05676026,12.45,308.62
2026-08-11,2026-08-17,,PESSOA FÍSICA,,Crédito pessoal não consignado - Prefixado,70,MIDWAY S.A. - SCFI,09464032,12.68,319.03
2026-08-11,2026-08-17,,PESSOA FÍSICA,,Crédito pessoal não consignado - Prefixado,71,ZEMA CFI S/A,05351887,12.75,321.87
2026-08-11,2026-08-17,,PESSOA FÍSICA,,Crédito pessoal não consignado - Prefixado,72,BANCO SEMEAR,00795423,12.95,331.15
2026-08-11,2026-08-17,,PESSOA FÍSICA,,Crédito pessoal não consignado - Prefixado,73,NEGRESCO S.A. - CFI,04379829,13.52,357.76
2026-08-11,2026-08-17,,PESSOA FÍSICA,,Crédito pessoal não consignado - Prefixado,74,BCO ARBI S.A.,54403563,13.67,365.52
2026-08-11,2026-08-17,,PESSOA FÍSICA,,Crédito pessoal não consignado - Prefixado,75,GOLCRED S/A - CFI,07631026,13.8,371.79
2026-08-11,2026-08-17,,PESSOA FÍSICA,,Crédito pessoal não consignado - Prefixado,76,HS FINANCEIRA,07512441,14.04,383.77
2026-08-11,2026-08-17,,PESSOA FÍSICA,,Crédito pessoal não consignado - Prefixado,77,FACTA S.A. CFI,15581638,14.54,410.13
2026-08-11,2026-08-17,,PESSOA FÍSICA,,Crédito pessoal não consignado - Prefixado,78,VIA CERTA FINANCIADORA S.A. - CFI,05192316,14.57,411.49
2026-08-11,2026-08-17,,PESSOA FÍSICA,,Crédito pessoal não consignado - Prefixado,79,REALIZE SCFI S.A.,27351731,14.92,430.55
2026-08-11,2026-08-17,,PESSOA FÍSICA,,Crédito pessoal não consignado - Prefixado,80,BCO BMG S.A.,61186680,15.06,438.55
2026-08-11,2026-08-17,,PESSOA FÍSICA,,Crédito pessoal não consignado - Prefixado,81,JBCRED S.A. SCFI,04230630,15.56,467.12
2026-08-11,2026-08-17,,PESSOA FÍSICA,,Crédito pessoal não consignado - Prefixado,82,VALOR S/A SCFI,07799277,15.71,476.25
2026-08-11,2026-08-17,,PESSOA FÍSICA,,Crédito pessoal não consignado - Prefixado,83,BCO DAYCOVAL S.A,62232889,17.01,558.77
2026-08-11,2026-08-17,,PESSOA FÍSICA,,Crédito pessoal não consignado - Prefixado,84,COBUCCIO S.A. SCFI,36947229,17.13,567.15
2026-08-11,2026-08-17,,PESSOA FÍSICA,,Desconto de cheques - Prefixado,1,BCO BRADESCO S.A.,60746948,3.42,49.76
2026-08-11,2026-08-17,,PESSOA FÍSICA,,Desconto de cheques - Prefixado,2,BCO DO BRASIL S.A.,00000000,4.8,75.61
2026-08-11,2026-08-17,,PESSOA FÍSICA,,Desconto de cheques - Prefixado,3,BCO BANESTES S.A.,28127603,6.4,110.49
2026-08-11,2026-08-17,,PESSOA JURÍDICA,,Adiantamento sobre contratos de câmbio (ACC) - Pós-fixado referenciado em moeda estrangeira,1,BCO XP S.A.,33264668,0.0,0.0
2026-08-11,2026-08-17,,PESSOA JURÍDICA,,Adiantamento sobre contratos de câmbio (ACC) - Pós-fixado referenciado em moeda estrangeira,2,BCO MUFG BRASIL S.A.,60498557,0.19,2.34
2026-08-11,2026-08-17,,PESSOA JURÍDICA,,Adiantamento sobre contratos de câmbio (ACC) - Pós-fixado referenciado em moeda estrangeira,3,BCO DO BRASIL S.A.,00000000,0.38,4.59
2026-08-11,2026-08-17,,PESSOA JURÍDICA,,Adiantamento sobre contratos de câmbio (ACC) - Pós-fixado referenciado em moeda estrangeira,4,BCO SUMITOMO MITSUI BRASIL S.A.,60518222,0.38,4.67
2026-08-11,2026-08-17,,PESSOA JURÍDICA,,Adiantamento sobre contratos de câmbio (ACC) - Pós-fixado referenciado em moeda estrangeira,5,BCO CITIBANK S.A.,33479023,0.39,4.82
2026-08-11,2026-08-17,,PESSOA JURÍDICA,,Adiantamento sobre contratos de câmbio (ACC) - Pós-fixado referenciado em moeda estrangeira,6,BBVA BRASIL BI S.A.,45283173,0.4,4.9
2026-08-11,2026-08-17,,PESSOA JURÍDICA,,Adiantamento sobre contratos de câmbio (ACC) - Pós-fixado referenciado em moeda estrangeira,7,ITAÚ UNIBANCO S.A.,60701190,0.42,5.15
2026-08-11,2026-08-17,,PESSOA JURÍDICA,,Adiantamento sobre contratos de câmbio (ACC) - Pós-fixado referenciado em moeda estrangeira,8,BCO RABOBANK INTL BRASIL S.A.,01023570,0.43,5.28
2026-08-11,2026-08-17,,PESSOA JURÍDICA,,Adiantamento sobre contratos de câmbio (ACC) - Pós-fixado referenciado em moeda estrangeira,9,BCO ABC BRASIL S.A.,28195667,0.44,5.36
2026-08-11,2026-08-17,,PESSOA JURÍDICA,,Adiantamento sobre contratos de câmbio (ACC) - Pós-fixado referenciado em moeda estrangeira,10,BCO BRADESCO S.A.,60746948,0.44,5.37
2026-08-11,2026-08-17,,PESSOA JURÍDICA,,Adiantamento sobre contratos de câmbio (ACC) - Pós-fixado referenciado em moeda estrangeira,11,BCO HSBC S.A.,53518684,0.46,5.66
2026-08-11,2026-08-17,,PESSOA JURÍDICA,,Adiantamento sobre contratos de câmbio (ACC) - Pós-fixado referenciado em moeda estrangeira,12,BCO SANTANDER (BRASIL) S.A.,90400888,0.49,6.08
2026-08-11,2026-08-17,,PESSOA JURÍDICA,,Adiantamento sobre contratos de câmbio (ACC) - Pós-fixado referenciado em moeda estrangeira,13,BCO VOTORANTIM S.A.,59588111,0.51,6.29
2026-08-11,2026-08-17,,PESSOA JURÍDICA,,Adiantamento sobre contratos de câmbio (ACC) - Pós-fixado referenciado em moeda estrangeira,14,BCO DO ESTADO DO RS S.A.,92702067,0.51,6.33
2026-08-11,2026-08-17,,PESSOA JURÍDICA,,Adiantamento sobre contratos de câmbio (ACC) - Pós-fixado referenciado em moeda estrangeira,15,BOC BRASIL,07450604,0.52,6.48
2026-08-11,2026-08-17,,PESSOA JURÍDICA,,Adiantamento sobre contratos de câmbio (ACC) - Pós-fixado referenciado em moeda estrangeira,16,BCO BS2 S.A.,71027866,0.53,6.55
2026-08-11,2026-08-17,,PESSOA JURÍDICA,,Adiantamento sobre contratos de câmbio (ACC) - Pós-fixado referenciado em moeda estrangeira,17,BCO CAIXA GERAL BRASIL S.A.,33466988,0.55,6.8
2026-08-11,2026-08-17,,PESSOA JURÍDICA,,Adiantamento sobre contratos de câmbio (ACC) - Pós-fixado referenciado em moeda estrangeira,18,BANCO COOPERATIVO SICREDI,01181521,0.55,6.8
2026-08-11,2026-08-17,,PESSOA JURÍDICA,,Adiantamento sobre contratos de câmbio (ACC) - Pós-fixado referenciado em moeda estrangeira,19,BANCO SICOOB S.A.,02038232,0.56,6.93
2026-08-11,2026-08-17,,PESSOA JURÍDICA,,Adiantamento sobre contratos de câmbio (ACC) - Pós-fixado referenciado em moeda estrangeira,20,BCO BMG S.A.,61186680,0.56,6.95
2026-08-11,2026-08-17,,PESSOA JURÍDICA,,Adiantamento sobre contratos de câmbio (ACC) - Pós-fixado referenciado em moeda estrangeira,21,BCO SAFRA S.A.,58160789,0.57,7.1
2026-08-11,2026-08-17,,PESSOA JURÍDICA,,Adiantamento sobre contratos de câmbio (ACC) - Pós-fixado referenciado em moeda estrangeira,22,CAIXA ECONOMICA FEDERAL,00360305,0.58,7.13
2026-08-11,2026-08-17,,PESSOA JURÍDICA,,Adiantamento sobre contratos de câmbio (ACC) - Pós-fixado referenciado em moeda estrangeira,23,BCO DO NORDESTE DO BRASIL S.A.,07237373,0.59,7.27
2026-08-11,2026-08-17,,PESSOA JURÍDICA,,Adiantamento sobre contratos de câmbio (ACC) - Pós-fixado referenciado em moeda estrangeira,24,BCO SOFISA S.A.,60889128,0.61,7.59
2026-08-11,2026-08-17,,PESSOA JURÍDICA,,Adiantamento sobre contratos de câmbio (ACC) - Pós-fixado referenciado em moeda estrangeira,25,OURIBANK S.A.,78632767,0.62,7.67
2026-08-11,2026-08-17,,PESSOA JURÍDICA,,Adiantamento sobre contratos de câmbio (ACC) - Pós-fixado referenciado em moeda estrangeira,26,BCO DA AMAZONIA S.A.,04902979,0.63,7.85
2026-08-11,2026-08-17,,PESSOA JURÍDICA,,Adiantamento sobre contratos de câmbio (ACC) - Pós-fixado referenciado em moeda estrangeira,27,BCO INDUSTRIAL DO BRASIL S.A.,31895683,0.68,8.43
2026-08-11,2026-08-17,,PESSOA JURÍDICA,,Adiantamento sobre contratos de câmbio (ACC) - Pós-fixado referenciado em moeda estrangeira,28,BCO BNP PARIBAS BRASIL S A,01522368,0.69,8.55
2026-08-11,2026-08-17,,PESSOA JURÍDICA,,Adiantamento sobre contratos de câmbio (ACC) - Pós-fixado referenciado em moeda estrangeira,29,BANCO INTER,00416968,0.73,9.1
2026-08-11,2026-08-17,,PESSOA JURÍDICA,,Adiantamento sobre contratos de câmbio (ACC) - Pós-fixado referenciado em moeda estrangeira,30,BCO DAYCOVAL S.A,62232889,0.74,9.29
2026-08-11,2026-08-17,,PESSOA JURÍDICA,,Adiantamento sobre contratos de câmbio (ACC) - Pós-fixado referenciado em moeda estrangeira,31,BCO C6 S.A.,31872495,0.75,9.35
2026-08-11,2026-08-17,,PESSOA JURÍDICA,,Adiantamento sobre contratos de câmbio (ACC) - Pós-fixado referenciado em moeda estrangeira,32,BCO RENDIMENTO S.A.,68900810,0.87,10.9
2026-08-11,2026-08-17,,PESSOA JURÍDICA,,Adiantamento sobre contratos de câmbio (ACC) - Pós-fixado referenciado em moeda estrangeira,33,BCO FIBRA S.A.,58616418,0.87,11.0
2026-08-11,2026-08-17,,PESSOA JURÍDICA,,Adiantamento sobre contratos de câmbio (ACC) - Pós-fixado referenciado em moeda estrangeira,34,BCO LA PROVINCIA B AIRES BCE,44189447,0.91,11.5
2026-08-11,2026-08-17,,PESSOA JURÍDICA,,Adiantamento sobre contratos de câmbio (ACC) - Pós-fixado referenciado em moeda estrangeira,35,BANCO TRAVELEX S.A.,11703662,1.12,14.28
2026-08-11,2026-08-17,,PESSOA JURÍDICA,,Antecipação de faturas de cartão de crédito - Prefixado,1,BCO FIBRA S.A.,58616418,0.09,1.09
2026-08-11,2026-08-17,,PESSOA JURÍDICA,,Antecipação de faturas de cartão de crédito - Prefixado,2,BCO VOTORANTIM S.A.,59588111,1.04,13.18
2026-08-11,2026-08-17,,PESSOA JURÍDICA,,Antecipação de faturas de cartão de crédito - Prefixado,3,ITAÚ UNIBANCO S.A.,60701190,1.05,13.37
2026-08-11,2026-08-17,,PESSOA JURÍDICA,,Antecipação de faturas de cartão de crédito - Prefixado,4,PORTOSEG S.A. CFI,04862600,1.08,13.72
2026-08-11,2026-08-17,,PESSOA JURÍDICA,,Antecipação de faturas de cartão de crédito - Prefixado,5,BCO BS2 S.A.,71027866,1.08,13.77
2026-08-11,2026-08-17,,PESSOA JURÍDICA,,Antecipação de faturas de cartão de crédito - Prefixado,6,BCO HSBC S.A.,53518684,1.1,14.07
2026-08-11,2026-08-17,,PESSOA JURÍDICA,,Antecipação de faturas de cartão de crédito - Prefixado,7,NU FINANCEIRA S.A. CFI,30680829,1.14,14.53
2026-08-11,2026-08-17,,PESSOA JURÍDICA,,Antecipação de faturas de cartão de crédito - Prefixado,8,BANCO BTG PACTUAL S.A.,30306294,1.16,14.88
2026-08-11,2026-08-17,,PESSOA JURÍDICA,,Antecipação de faturas de cartão de crédito - Prefixado,9,BCO SAFRA S.A.,58160789,1.18,15.06
2026-08-11,2026-08-17,,PESSOA JURÍDICA,,Antecipação de faturas de cartão de crédito - Prefixado,10,SINOSSERRA S/A - SCFI,22639377,1.24,15.94
2026-08-11,2026-08-17,,PESSOA JURÍDICA,,Antecipação de faturas de cartão de crédito - Prefixado,11,BANCO BRADESCARD,04184779,1.26,16.21
2026-08-11,2026-08-17,,PESSOA JURÍDICA,,Antecipação de faturas de cartão de crédito - Prefixado,12,BCO SANTANDER (BRASIL) S.A.,90400888,1.34,17.36
2026-08-11,2026-08-17,,PESSOA JURÍDICA,,Antecipação de faturas de cartão de crédito - Prefixado,13,BCO DO BRASIL S.A.,00000000,1.34,17.37
2026-08-11,2026-08-17,,PESSOA JURÍDICA,,Antecipação de faturas de cartão de crédito - Prefixado,14,BCO C6 S.A.,31872495,1.38,17.89
2026-08-11,2026-08-17,,PESSOA JURÍDICA,,Antecipação de faturas de cartão de crédito - Prefixado,15,BCO BRADESCO S.A.,60746948,1.43,18.64
2026-08-11,2026-08-17,,PESSOA JURÍDICA,,Antecipação de faturas de cartão de crédito - Prefixado,16,BCO DA AMAZONIA S.A.,04902979,1.86,24.78
2026-08-11,2026-08-17,,PESSOA JURÍDICA,,Antecipação de faturas de cartão de crédito - Prefixado,17,BCO RIBEIRAO PRETO S.A.,00517645,2.36,32.33
2026-08-11,2026-08-17,,PESSOA JURÍDICA,,Capital de giro com prazo até 365 dias - Prefixado,1,STONE CFI S.A.,53505601,0.01,0.16
2026-08-11,2026-08-17,,PESSOA JURÍDICA,,Capital de giro com prazo até 365 dias - Prefixado,2,BCO DO NORDESTE DO BRASIL S.A.,07237373,0.42,5.19
2026-08-11,2026-08-17,,PESSOA JURÍDICA,,Capital de giro com prazo até 365 dias - Prefixado,3,BCO VOTORANTIM S.A.,59588111,1.2,15.43
2026-08-11,2026-08-17,,PESSOA JURÍDICA,,Capital de giro com prazo até 365 dias - Prefixado,4,BANCOSEGURO S.A.,10264663,1.67,22.04
2026-08-11,2026-08-17,,PESSOA JURÍDICA,,Capital de giro com prazo até 365 dias - Prefixado,5,BANCO RANDON S.A.,11476673,1.68,22.08
2026-08-11,2026-08-17,,PESSOA JURÍDICA,,Capital de giro com prazo até 365 dias - Prefixado,6,MULTIPLIKE FINANCEIRA S.A. SCFI,62448932,1.71,22.57
2026-08-11,2026-08-17,,PESSOA JURÍDICA,,Capital de giro com prazo até 365 dias - Prefixado,7,CORA SCFI,37880206,1.72,22.67
2026-08-11,2026-08-17,,PESSOA JURÍDICA,,Capital de giro com prazo até 365 dias - Prefixado,8,BCO ABC BRASIL S.A.,28195667,1.88,25.04
2026-08-11,2026-08-17,,PESSOA JURÍDICA,,Capital de giro com prazo até 365 dias - Prefixado,9,BANCO INBURSA,04866275,1.97,26.4
2026-08-11,2026-08-17,,PESSOA JURÍDICA,,Capital de giro com prazo até 365 dias - Prefixado,10,BCO ARBI S.A.,54403563,2.08,27.95
2026-08-11,2026-08-17,,PESSOA JURÍDICA,,Capital de giro com prazo até 365 dias - Prefixado,11,ITAÚ UNIBANCO S.A.,60701190,2.09,28.24
2026-08-11,2026-08-17,,PESSOA JURÍDICA,,Capital de giro com prazo até 365 dias - Prefixado,12,BCO SANTANDER (BRASIL) S.A.,90400888,2.1,28.27
2026-08-11,2026-08-17,,PESSOA JURÍDICA,,Capital de giro com prazo até 365 dias - Prefixado,13,OURIBANK S.A.,78632767,2.13,28.84
2026-08-11,2026-08-17,,PESSOA JURÍDICA,,Capital de giro com prazo até 365 dias - Prefixado,14,LEBES FINANCEIRA S.A. - CFI,11271860,2.16,29.27
2026-08-11,2026-08-17,,PESSOA JURÍDICA,,Capital de giro com prazo até 365 dias - Prefixado,15,PORTOSEG S.A. CFI,04862600,2.22,30.12
2026-08-11,2026-08-17,,PESSOA JURÍDICA,,Capital de giro com prazo até 365 dias - Prefixado,16,BCO RIBEIRAO PRETO S.A.,00517645,2.23,30.3
2026-08-11,2026-08-17,,PESSOA JURÍDICA,,Capital de giro com prazo até 365 dias - Prefixado,17,BANCO SEMEAR,00795423,2.26,30.73
2026-08-11,2026-08-17,,PESSOA JURÍDICA,,Capital de giro com prazo até 365 dias - Prefixado,18,BCO BS2 S.A.,71027866,2.3,31.3
2026-08-11,2026-08-17,,PESSOA JURÍDICA,,Capital de giro com prazo até 365 dias - Prefixado,19,BCO BRADESCO S.A.,60746948,2.33,31.82
2026-08-11,2026-08-17,,PESSOA JURÍDICA,,Capital de giro com prazo até 365 dias - Prefixado,20,BANCO TOPÁZIO S.A.,07679404,2.39,32.72
2026-08-11,2026-08-17,,PESSOA JURÍDICA,,Capital de giro com prazo até 365 dias - Prefixado,21,BCO INDUSCRED DE INVESTIM. S/A,33588252,2.49,34.4
2026-08-11,2026-08-17,,PESSOA JURÍDICA,,Capital de giro com prazo até 365 dias - Prefixado,22,OMNI BANCO S.A.,60850229,2.52,34.76
2026-08-11,2026-08-17,,PESSOA JURÍDICA,,Capital de giro com prazo até 365 dias - Prefixado,23,BCO RODOBENS S.A.,33603457,2.55,35.19
2026-08-11,2026-08-17,,PESSOA JURÍDICA,,Capital de giro com prazo até 365 dias - Prefixado,24,BCO GUANABARA S.A.,31880826,2.69,37.45
2026-08-11,2026-08-17,,PESSOA JURÍDICA,,Capital de giro com prazo até 365 dias - Prefixado,25,BCO DA AMAZONIA S.A.,04902979,2.93,41.37
2026-08-11,2026-08-17,,PESSOA JURÍDICA,,Capital de giro com prazo até 365 dias - Prefixado,26,BCO TRIANGULO S.A.,17351180,2.93,41.43
2026-08-11,2026-08-17,,PESSOA JURÍDICA,,Capital de giro com prazo até 365 dias - Prefixado,27,CAIXA ECONOMICA FEDERAL,00360305,2.94,41.57
2026-08-11,2026-08-17,,PESSOA JURÍDICA,,Capital de giro com prazo até 365 dias - Prefixado,28,BANCO INTER,00416968,3.02,42.96
2026-08-11,2026-08-17,,PESSOA JURÍDICA,,Capital de giro com prazo até 365 dias - Prefixado,29,BCO DO BRASIL S.A.,00000000,3.14,44.87
2026-08-11,2026-08-17,,PESSOA JURÍDICA,,Capital de giro com prazo até 365 dias - Prefixado,30,RPW S.A. SCFI,06249129,3.21,46.06
2026-08-11,2026-08-17,,PESSOA JURÍDICA,,Capital de giro com prazo até 365 dias - Prefixado,31,BRB - BCO DE BRASILIA S.A.,00000208,3.29,47.38
2026-08-11,2026-08-17,,PESSOA JURÍDICA,,Capital de giro com prazo até 365 dias - Prefixado,32,BCO DAYCOVAL S.A,62232889,3.41,49.55
2026-08-11,2026-08-17,,PESSOA JURÍDICA,,Capital de giro com prazo até 365 dias - Prefixado,33,BCO DO ESTADO DO RS S.A.,92702067,3.44,49.99
2026-08-11,2026-08-17,,PESSOA JURÍDICA,,Capital de giro com prazo até 365 dias - Prefixado,34,BARU SCFI S/A,42723848,3.47,50.56
2026-08-11,2026-08-17,,PESSOA JURÍDICA,,Capital de giro com prazo até 365 dias - Prefixado,35,BCO HONDA S.A.,03634220,3.53,51.6
2026-08-11,2026-08-17,,PESSOA JURÍDICA,,Capital de giro com prazo até 365 dias - Prefixado,36,BANCO BTG PACTUAL S.A.,30306294,3.74,55.36
2026-08-11,2026-08-17,,PESSOA JURÍDICA,,Capital de giro com prazo até 365 dias - Prefixado,37,BCO C6 S.A.,31872495,3.93,58.82
2026-08-11,2026-08-17,,PESSOA JURÍDICA,,Capital de giro com prazo até 365 dias - Prefixado,38,BCO RENDIMENTO S.A.,68900810,4.04,60.85
2026-08-11,2026-08-17,,PESSOA JURÍDICA,,Capital de giro com prazo até 365 dias - Prefixado,39,BCO DO EST. DO PA S.A.,04913711,4.07,61.37
2026-08-11,2026-08-17,,PESSOA JURÍDICA,,Capital de giro com prazo até 365 dias - Prefixado,40,SCFI EFÍ S.A.,37229413,4.5,69.57
2026-08-11,2026-08-17,,PESSOA JURÍDICA,,Capital de giro com prazo até 365 dias - Prefixado,41,BCO BANESTES S.A.,28127603,5.3,85.77
2026-08-11,2026-08-17,,PESSOA JURÍDICA,,Capital de giro com prazo até 365 dias - Prefixado,42,BCO SOFISA S.A.,60889128,5.4,87.89
2026-08-11,2026-08-17,,PESSOA JURÍDICA,,Capital de giro com prazo até 365 dias - Prefixado,43,NU FINANCEIRA S.A. CFI,30680829,5.78,96.36
2026-08-11,2026-08-17,,PESSOA JURÍDICA,,Capital de giro com prazo até 365 dias - Prefixado,44,ASA SCFI S.A.,48703388,6.75,119.08
2026-08-11,2026-08-17,,PESSOA JURÍDICA,,Capital de giro com prazo até 365 dias - Prefixado,45,BCO AFINZ S.A. - BM,04814563,8.3,160.41
2026-08-11,2026-08-17,,PESSOA JURÍDICA,,Capital de giro com prazo até 365 dias - Prefixado,46,MERCADO CRÉDITO SCFI S.A.,37679449,10.34,225.8
2026-08-11,2026-08-17,,PESSOA JURÍDICA,,Capital de giro com prazo até 365 dias - Prefixado,47,COBUCCIO S.A. SCFI,36947229,10.87,244.8
2026-08-11,2026-08-17,,PESSOA JURÍDICA,,Capital de giro com prazo até 365 dias - Prefixado,48,PICPAY BANK - BANCO MÚLTIPLO S.A,09516419,11.73,278.52
2026-08-11,2026-08-17,,PESSOA JURÍDICA,,Capital de giro com prazo até 365 dias - Prefixado,49,CLOUDWALK FINANCEIRA S.A. CFI,05503849,12.32,303.09
2026-08-11,2026-08-17,,PESSOA JURÍDICA,,Capital de giro com prazo até 365 dias - Pós-fixado referenciado em juros flutuantes,1,STONE CFI S.A.,53505601,0.48,5.88
2026-08-11,2026-08-17,,PESSOA JURÍDICA,,Capital de giro com prazo até 365 dias - Pós-fixado referenciado em juros flutuantes,2,DEUTSCHE BANK S.A.BCO ALEMAO,62331228,1.1,14.01
2026-08-11,2026-08-17,,PESSOA JURÍDICA,,Capital de giro com prazo até 365 dias - Pós-fixado referenciado em juros flutuantes,3,BCO VOTORANTIM S.A.,59588111,1.17,15.03
2026-08-11,2026-08-17,,PESSOA JURÍDICA,,Capital de giro com prazo até 365 dias - Pós-fixado referenciado em juros flutuantes,4,BCO CITIBANK S.A.,33479023,1.18,15.09
2026-08-11,2026-08-17,,PESSOA JURÍDICA,,Capital de giro com prazo até 365 dias - Pós-fixado referenciado em juros flutuantes,5,BCO SANTANDER (BRASIL) S.A.,90400888,1.24,15.92
2026-08-11,2026-08-17,,PESSOA JURÍDICA,,Capital de giro com prazo até 365 dias - Pós-fixado referenciado em juros flutuantes,6,BCO LUSO BRASILEIRO S.A.,59118133,1.24,15.93
2026-08-11,2026-08-17,,PESSOA JURÍDICA,,Capital de giro com prazo até 365 dias - Pós-fixado referenciado em juros flutuantes,7,ITAÚ UNIBANCO S.A.,60701190,1.34,17.38
2026-08-11,2026-08-17,,PESSOA JURÍDICA,,Capital de giro com prazo até 365 dias - Pós-fixado referenciado em juros flutuantes,8,CAIXA ECONOMICA FEDERAL,00360305,1.57,20.5
2026-08-11,2026-08-17,,PESSOA JURÍDICA,,Capital de giro com prazo até 365 dias - Pós-fixado referenciado em juros flutuantes,9,BCO SOFISA S.A.,60889128,1.58,20.67
2026-08-11,2026-08-17,,PESSOA JURÍDICA,,Capital de giro com prazo até 365 dias - Pós-fixado referenciado em juros flutuantes,10,BANCO GENIAL,45246410,1.62,21.28
2026-08-11,2026-08-17,,PESSOA JURÍDICA,,Capital de giro com prazo até 365 dias - Pós-fixado referenciado em juros flutuantes,11,BANCO INTER,00416968,1.69,22.24
2026-08-11,2026-08-17,,PESSOA JURÍDICA,,Capital de giro com prazo até 365 dias - Pós-fixado referenciado em juros flutuantes,12,BCO XP S.A.,33264668,1.73,22.81
2026-08-11,2026-08-17,,PESSOA JURÍDICA,,Capital de giro com prazo até 365 dias - Pós-fixado referenciado em juros flutuantes,13,BCO ABC BRASIL S.A.,28195667,1.76,23.22
2026-08-11,2026-08-17,,PESSOA JURÍDICA,,Capital de giro com prazo até 365 dias - Pós-fixado referenciado em juros flutuantes,14,BCO DAYCOVAL S.A,62232889,2.0,26.82
2026-08-11,2026-08-17,,PESSOA JURÍDICA,,Capital de giro com prazo até 365 dias - Pós-fixado referenciado em juros flutuantes,15,BCO DO ESTADO DO RS S.A.,92702067,2.01,26.98
2026-08-11,2026-08-17,,PESSOA JURÍDICA,,Capital de giro com prazo até 365 dias - Pós-fixado referenciado em juros flutuantes,16,BCO DO BRASIL S.A.,00000000,2.03,27.22
2026-08-11,2026-08-17,,PESSOA JURÍDICA,,Capital de giro com prazo até 365 dias - Pós-fixado referenciado em juros flutuantes,17,BCO BS2 S.A.,71027866,2.07,27.92
2026-08-11,2026-08-17,,PESSOA JURÍDICA,,Capital de giro com prazo até 365 dias - Pós-fixado referenciado em juros flutuantes,18,BANCO SEMEAR,00795423,2.58,35.8
2026-08-11,2026-08-17,,PESSOA JURÍDICA,,Capital de giro com prazo superior a 365 dias - Prefixado,1,STONE CFI S.A.,53505601,0.01,0.11
2026-08-11,2026-08-17,,PESSOA JURÍDICA,,Capital de giro com prazo superior a 365 dias - Prefixado,2,BCO MERCANTIL DO BRASIL S.A.,17184037,0.9,11.32
2026-08-11,2026-08-17,,PESSOA JURÍDICA,,Capital de giro com prazo superior a 365 dias - Prefixado,3,BANCO SICOOB S.A.,02038232,1.24,15.87
2026-08-11,2026-08-17,,PESSOA JURÍDICA,,Capital de giro com prazo superior a 365 dias - Prefixado,4,BCO GM S.A.,59274605,1.33,17.12
2026-08-11,2026-08-17,,PESSOA JURÍDICA,,Capital de giro com prazo superior a 365 dias - Prefixado,5,BCO DO NORDESTE DO BRASIL S.A.,07237373,1.44,18.76
2026-08-11,2026-08-17,,PESSOA JURÍDICA,,Capital de giro com prazo superior a 365 dias - Prefixado,6,BCO XP S.A.,33264668,1.47,19.15
2026-08-11,2026-08-17,,PESSOA JURÍDICA,,Capital de giro com prazo superior a 365 dias - Prefixado,7,NOVO BCO CONTINENTAL S.A. - BM,74828799,1.52,19.89
2026-08-11,2026-08-17,,PESSOA JURÍDICA,,Capital de giro com prazo superior a 365 dias - Prefixado,8,MULTIPLIKE FINANCEIRA S.A. SCFI,62448932,1.54,20.17
2026-08-11,2026-08-17,,PESSOA JURÍDICA,,Capital de giro com prazo superior a 365 dias - Prefixado,9,BCO ABC BRASIL S.A.,28195667,1.67,22.04
2026-08-11,2026-08-17,,PESSOA JURÍDICA,,Capital de giro com prazo superior a 365 dias - Prefixado,10,VIA CERTA FINANCIADORA S.A. - CFI,05192316,1.69,22.32
2026-08-11,2026-08-17,,PESSOA JURÍDICA,,Capital de giro com prazo superior a 365 dias - Prefixado,11,BCO SOFISA S.A.,60889128,1.75,23.1
2026-08-11,2026-08-17,,PESSOA JURÍDICA,,Capital de giro com prazo superior a 365 dias - Prefixado,12,CAIXA ECONOMICA FEDERAL,00360305,1.76,23.35
2026-08-11,2026-08-17,,PESSOA JURÍDICA,,Capital de giro com prazo superior a 365 dias - Prefixado,13,BCO DES. DE MG S.A.,38486817,1.77,23.4
2026-08-11,2026-08-17,,PESSOA JURÍDICA,,Capital de giro com prazo superior a 365 dias - Prefixado,14,BCO DO BRASIL S.A.,00000000,1.83,24.28
2026-08-11,2026-08-17,,PESSOA JURÍDICA,,Capital de giro com prazo superior a 365 dias - Prefixado,15,BCO DAYCOVAL S.A,62232889,1.91,25.52
2026-08-11,2026-08-17,,PESSOA JURÍDICA,,Capital de giro com prazo superior a 365 dias - Prefixado,16,BCO C6 S.A.,31872495,1.94,25.88
2026-08-11,2026-08-17,,PESSOA JURÍDICA,,Capital de giro com prazo superior a 365 dias - Prefixado,17,BCO SANTANDER (BRASIL) S.A.,90400888,1.96,26.28
2026-08-11,2026-08-17,,PESSOA JURÍDICA,,Capital de giro com prazo superior a 365 dias - Prefixado,18,BCO SENFF S.A.,11970623,1.98,26.6
2026-08-11,2026-08-17,,PESSOA JURÍDICA,,Capital de giro com prazo superior a 365 dias - Prefixado,19,ITAÚ UNIBANCO S.A.,60701190,2.0,26.87
2026-08-11,2026-08-17,,PESSOA JURÍDICA,,Capital de giro com prazo superior a 365 dias - Prefixado,20,BANCO TOPÁZIO S.A.,07679404,2.02,27.05
2026-08-11,2026-08-17,,PESSOA JURÍDICA,,Capital de giro com prazo superior a 365 dias - Prefixado,21,BCO INDUSTRIAL DO BRASIL S.A.,31895683,2.02,27.06
2026-08-11,2026-08-17,,PESSOA JURÍDICA,,Capital de giro com prazo superior a 365 dias - Prefixado,22,OMNI BANCO S.A.,60850229,2.07,27.89
2026-08-11,2026-08-17,,PESSOA JURÍDICA,,Capital de giro com prazo superior a 365 dias - Prefixado,23,PORTOSEG S.A. CFI,04862600,2.1,28.37
2026-08-11,2026-08-17,,PESSOA JURÍDICA,,Capital de giro com prazo superior a 365 dias - Prefixado,24,CARUANA SCFI,09313766,2.14,28.94
2026-08-11,2026-08-17,,PESSOA JURÍDICA,,Capital de giro com prazo superior a 365 dias - Prefixado,25,BARU SCFI S/A,42723848,2.18,29.48
2026-08-11,2026-08-17,,PESSOA JURÍDICA,,Capital de giro com prazo superior a 365 dias - Prefixado,26,BCO TRIANGULO S.A.,17351180,2.29,31.14
2026-08-11,2026-08-17,,PESSOA JURÍDICA,,Capital de giro com prazo superior a 365 dias - Prefixado,27,BANCO INTER,00416968,2.3,31.43
2026-08-11,2026-08-17,,PESSOA JURÍDICA,,Capital de giro com prazo superior a 365 dias - Prefixado,28,BCO BRADESCO S.A.,60746948,2.36,32.36
2026-08-11,2026-08-17,,PESSOA JURÍDICA,,Capital de giro com prazo superior a 365 dias - Prefixado,29,BCO VOTORANTIM S.A.,59588111,2.42,33.26
2026-08-11,2026-08-17,,PESSOA JURÍDICA,,Capital de giro com prazo superior a 365 dias - Prefixado,30,BRB - BCO DE BRASILIA S.A.,00000208,2.61,36.27
2026-08-11,2026-08-17,,PESSOA JURÍDICA,,Capital de giro com prazo superior a 365 dias - Prefixado,31,BCO DA AMAZONIA S.A.,04902979,2.71,37.79
2026-08-11,2026-08-17,,PESSOA JURÍDICA,,Capital de giro com prazo superior a 365 dias - Prefixado,32,BCO BS2 S.A.,71027866,2.71,37.8
2026-08-11,2026-08-17,,PESSOA JURÍDICA,,Capital de giro com prazo superior a 365 dias - Prefixado,33,GAZINCRED S.A. SCFI,11760553,2.71,37.86
2026-08-11,2026-08-17,,PESSOA JURÍDICA,,Capital de giro com prazo superior a 365 dias - Prefixado,34,BCO DO EST. DE SE S.A.,13009717,2.72,38.01
2026-08-11,2026-08-17,,PESSOA JURÍDICA,,Capital de giro com prazo superior a 365 dias - Prefixado,35,RPW S.A. SCFI,06249129,2.73,38.08
2026-08-11,2026-08-17,,PESSOA JURÍDICA,,Capital de giro com prazo superior a 365 dias - Prefixado,36,BCO BANESTES S.A.,28127603,2.78,38.95
2026-08-11,2026-08-17,,PESSOA JURÍDICA,,Capital de giro com prazo superior a 365 dias - Prefixado,37,MERCADO CRÉDITO SCFI S.A.,37679449,3.09,44.1
2026-08-11,2026-08-17,,PESSOA JURÍDICA,,Capital de giro com prazo superior a 365 dias - Prefixado,38,BCO DO ESTADO DO RS S.A.,92702067,3.18,45.6
2026-08-11,2026-08-17,,PESSOA JURÍDICA,,Capital de giro com prazo superior a 365 dias - Prefixado,39,CORA SCFI,37880206,3.34,48.32
2026-08-11,2026-08-17,,PESSOA JURÍDICA,,Capital de giro com prazo superior a 365 dias - Prefixado,40,OMNI SA CFI,92228410,3.67,54.15
2026-08-11,2026-08-17,,PESSOA JURÍDICA,,Capital de giro com prazo superior a 365 dias - Prefixado,41,BCO RENDIMENTO S.A.,68900810,3.68,54.29
2026-08-11,2026-08-17,,PESSOA JURÍDICA,,Capital de giro com prazo superior a 365 dias - Prefixado,42,BCO RNX S.A.,80271455,3.69,54.46
2026-08-11,2026-08-17,,PESSOA JURÍDICA,,Capital de giro com prazo superior a 365 dias - Prefixado,43,BANCO BTG PACTUAL S.A.,30306294,3.82,56.83
2026-08-11,2026-08-17,,PESSOA JURÍDICA,,Capital de giro com prazo superior a 365 dias - Prefixado,44,BCO DO EST. DO PA S.A.,04913711,3.99,59.92
2026-08-11,2026-08-17,,PESSOA JURÍDICA,,Capital de giro com prazo superior a 365 dias - Prefixado,45,SCFI EFÍ S.A.,37229413,4.03,60.56
2026-08-11,2026-08-17,,PESSOA JURÍDICA,,Capital de giro com prazo superior a 365 dias - Prefixado,46,BCO SAFRA S.A.,58160789,4.46,68.88
2026-08-11,2026-08-17,,PESSOA JURÍDICA,,Capital de giro com prazo superior a 365 dias - Prefixado,47,NU FINANCEIRA S.A. CFI,30680829,4.78,75.12
2026-08-11,2026-08-17,,PESSOA JURÍDICA,,Capital de giro com prazo superior a 365 dias - Prefixado,48,PICPAY BANK - BANCO MÚLTIPLO S.A,09516419,5.77,96.01
2026-08-11,2026-08-17,,PESSOA JURÍDICA,,Capital de giro com prazo superior a 365 dias - Prefixado,49,COBUCCIO S.A. SCFI,36947229,6.15,104.77
2026-08-11,2026-08-17,,PESSOA JURÍDICA,,Capital de giro com prazo superior a 365 dias - Prefixado,50,CLOUDWALK FINANCEIRA S.A. CFI,05503849,6.67,116.97
2026-08-11,2026-08-17,,PESSOA JURÍDICA,,Capital de giro com prazo superior a 365 dias - Pós-fixado referenciado em juros flutuantes,1,BANCO INTER,00416968,0.45,5.51
2026-08-11,2026-08-17,,PESSOA JURÍDICA,,Capital de giro com prazo superior a 365 dias - Pós-fixado referenciado em juros flutuantes,2,BCO LUSO BRASILEIRO S.A.,59118133,1.18,15.08
2026-08-11,2026-08-17,,PESSOA JURÍDICA,,Capital de giro com prazo superior a 365 dias - Pós-fixado referenciado em juros flutuantes,3,ITAÚ UNIBANCO S.A.,60701190,1.22,15.67
2026-08-11,2026-08-17,,PESSOA JURÍDICA,,Capital de giro com prazo superior a 365 dias - Pós-fixado referenciado em juros flutuantes,4,BANCO SICOOB S.A.,02038232,1.28,16.46
2026-08-11,2026-08-17,,PESSOA JURÍDICA,,Capital de giro com prazo superior a 365 dias - Pós-fixado referenciado em juros flutuantes,5,BCO DO ESTADO DO RS S.A.,92702067,1.36,17.64
2026-08-11,2026-08-17,,PESSOA JURÍDICA,,Capital de giro com prazo superior a 365 dias - Pós-fixado referenciado em juros flutuantes,6,BCO XP S.A.,33264668,1.41,18.3
2026-08-11,2026-08-17,,PESSOA JURÍDICA,,Capital de giro com prazo superior a 365 dias - Pós-fixado referenciado em juros flutuantes,7,BCO SANTANDER (BRASIL) S.A.,90400888,1.41,18.33
2026-08-11,2026-08-17,,PESSOA JURÍDICA,,Capital de giro com prazo superior a 365 dias - Pós-fixado referenciado em juros flutuantes,8,CAIXA ECONOMICA FEDERAL,00360305,1.51,19.68
2026-08-11,2026-08-17,,PESSOA JURÍDICA,,Capital de giro com prazo superior a 365 dias - Pós-fixado referenciado em juros flutuantes,9,BCO BRADESCO S.A.,60746948,1.54,20.15
2026-08-11,2026-08-17,,PESSOA JURÍDICA,,Capital de giro com prazo superior a 365 dias - Pós-fixado referenciado em juros flutuantes,10,BCO DO BRASIL S.A.,00000000,1.56,20.46
2026-08-11,2026-08-17,,PESSOA JURÍDICA,,Capital de giro com prazo superior a 365 dias - Pós-fixado referenciado em juros flutuantes,11,BCO ABC BRASIL S.A.,28195667,1.63,21.34
2026-08-11,2026-08-17,,PESSOA JURÍDICA,,Capital de giro com prazo superior a 365 dias - Pós-fixado referenciado em juros flutuantes,12,BCO DES. DE MG S.A.,38486817,1.65,21.77
2026-08-11,2026-08-17,,PESSOA JURÍDICA,,Capital de giro com prazo superior a 365 dias - Pós-fixado referenciado em juros flutuantes,13,BCO BANESTES S.A.,28127603,1.68,22.18
2026-08-11,2026-08-17,,PESSOA JURÍDICA,,Capital de giro com prazo superior a 365 dias - Pós-fixado referenciado em juros flutuantes,14,BCO BS2 S.A.,71027866,1.87,24.97
2026-08-11,2026-08-17,,PESSOA JURÍDICA,,Capital de giro com prazo superior a 365 dias - Pós-fixado referenciado em juros flutuantes,15,BCO DA AMAZONIA S.A.,04902979,2.16,29.18
2026-08-11,2026-08-17,,PESSOA JURÍDICA,,Capital de giro com prazo superior a 365 dias - Pós-fixado referenciado em juros flutuantes,16,BCO FIBRA S.A.,58616418,2.37,32.4
2026-08-11,2026-08-17,,PESSOA JURÍDICA,,Capital de giro com prazo superior a 365 dias - Pós-fixado referenciado em juros flutuantes,17,BCO DAYCOVAL S.A,62232889,2.47,33.94
2026-08-11,2026-08-17,,PESSOA JURÍDICA,,Cheque especial - Prefixado,1,BCO CITIBANK S.A.,33479023,2.16,29.21
2026-08-11,2026-08-17,,PESSOA JURÍDICA,,Cheque especial - Prefixado,2,BANCO ORIGINAL,92894922,3.41,49.5
2026-08-11,2026-08-17,,PESSOA JURÍDICA,,Cheque especial - Prefixado,3,BCO XP S.A.,33264668,4.09,61.78
2026-08-11,2026-08-17,,PESSOA JURÍDICA,,Cheque especial - Prefixado,4,BOFA MERRILL LYNCH BM S.A.,62073200,4.71,73.78
2026-08-11,2026-08-17,,PESSOA JURÍDICA,,Cheque especial - Prefixado,5,BCO PINE S.A.,62144175,5.37,87.37
2026-08-11,2026-08-17,,PESSOA JURÍDICA,,Cheque especial - Prefixado,6,BCO BMG S.A.,61186680,7.46,137.08
2026-08-11,2026-08-17,,PESSOA JURÍDICA,,Cheque especial - Prefixado,7,BCO DO EST. DE SE S.A.,13009717,7.51,138.44
2026-08-11,2026-08-17,,PESSOA JURÍDICA,,Cheque especial - Prefixado,8,BCO DO NORDESTE DO BRASIL S.A.,07237373,7.89,148.68
2026-08-11,2026-08-17,,PESSOA JURÍDICA,,Cheque especial - Prefixado,9,BCO MERCANTIL DO BRASIL S.A.,17184037,7.89,148.71
2026-08-11,2026-08-17,,PESSOA JURÍDICA,,Cheque especial - Prefixado,10,BCO BANESTES S.A.,28127603,7.96,150.66
2026-08-11,2026-08-17,,PESSOA JURÍDICA,,Cheque especial - Prefixado,11,BCO DA AMAZONIA S.A.,04902979,8.22,158.02
2026-08-11,2026-08-17,,PESSOA JURÍDICA,,Cheque especial - Prefixado,12,BRB - BCO DE BRASILIA S.A.,00000208,8.72,172.82
2026-08-11,2026-08-17,,PESSOA JURÍDICA,,Cheque especial - Prefixado,13,BCO ABC BRASIL S.A.,28195667,8.87,177.21
2026-08-11,2026-08-17,,PESSOA JURÍDICA,,Cheque especial - Prefixado,14,BCO RENDIMENTO S.A.,68900810,9.33,191.57
2026-08-11,2026-08-17,,PESSOA JURÍDICA,,Cheque especial - Prefixado,15,BCO DAYCOVAL S.A,62232889,10.72,239.5
2026-08-11,2026-08-17,,PESSOA JURÍDICA,,Cheque especial - Prefixado,16,BCO FIBRA S.A.,58616418,10.78,241.51
2026-08-11,2026-08-17,,PESSOA JURÍDICA,,Cheque especial - Prefixado,17,BCO SAFRA S.A.,58160789,11.72,278.13
2026-08-11,2026-08-17,,PESSOA JURÍDICA,,Cheque especial - Prefixado,18,BCO DO EST. DO PA S.A.,04913711,11.89,285.08
2026-08-11,2026-08-17,,PESSOA JURÍDICA,,Cheque especial - Prefixado,19,BCO PAULISTA S.A.,61820817,13.66,364.82
2026-08-11,2026-08-17,,PESSOA JURÍDICA,,Cheque especial - Prefixado,20,BCO BS2 S.A.,71027866,13.9,376.57
2026-08-11,2026-08-17,,PESSOA JURÍDICA,,Cheque especial - Prefixado,21,BCO SOFISA S.A.,60889128,14.05,384.33
2026-08-11,2026-08-17,,PESSOA JURÍDICA,,Cheque especial - Prefixado,22,BANCO INTER,00416968,14.14,389.1
2026-08-11,2026-08-17,,PESSOA JURÍDICA,,Cheque especial - Prefixado,23,BCO DO BRASIL S.A.,00000000,14.54,410.15
2026-08-11,2026-08-17,,PESSOA JURÍDICA,,Cheque especial - Prefixado,24,BCO C6 S.A.,31872495,14.8,423.81
2026-08-11,2026-08-17,,PESSOA JURÍDICA,,Cheque especial - Prefixado,25,BCO DO ESTADO DO RS S.A.,92702067,15.0,435.13
2026-08-11,2026-08-17,,PESSOA JURÍDICA,,Cheque especial - Prefixado,26,CAIXA ECONOMICA FEDERAL,00360305,15.06,438.48
2026-08-11,2026-08-17,,PESSOA JURÍDICA,,Cheque especial - Prefixado,27,BANCO BTG PACTUAL S.A.,30306294,15.23,448.12
2026-08-11,2026-08-17,,PESSOA JURÍDICA,,Cheque especial - Prefixado,28,BCO BRADESCO S.A.,60746948,15.82,482.72
2026-08-11,2026-08-17,,PESSOA JURÍDICA,,Cheque especial - Prefixado,29,ITAÚ UNIBANCO S.A.,60701190,15.87,485.89
2026-08-11,2026-08-17,,PESSOA JURÍDICA,,Cheque especial - Prefixado,30,BCO SANTANDER (BRASIL) S.A.,90400888,16.18,504.81
2026-08-11,2026-08-17,,PESSOA JURÍDICA,,Conta garantida - Prefixado,1,DEUTSCHE BANK S.A.BCO ALEMAO,62331228,1.3,16.72
2026-08-11,2026-08-17,,PESSOA JURÍDICA,,Conta garantida - Prefixado,2,BANCO PAN,59285411,1.74,22.92
2026-08-11,2026-08-17,,PESSOA JURÍDICA,,Conta garantida - Prefixado,3,BCO BMG S.A.,61186680,2.03,27.21
2026-08-11,2026-08-17,,PESSOA JURÍDICA,,Conta garantida - Prefixado,4,BCO DO BRASIL S.A.,00000000,2.14,28.94
2026-08-11,2026-08-17,,PESSOA JURÍDICA,,Conta garantida - Prefixado,5,BANCO JOHN DEERE S.A.,91884981,2.31,31.6
2026-08-11,2026-08-17,,PESSOA JURÍDICA,,Conta garantida - Prefixado,6,BRB - BCO DE BRASILIA S.A.,00000208,2.47,34.01
2026-08-11,2026-08-17,,PESSOA JURÍDICA,,Conta garantida - Prefixado,7,BANCO SEMEAR,00795423,2.5,34.53
2026-08-11,2026-08-17,,PESSOA JURÍDICA,,Conta garantida - Prefixado,8,BCO BANESTES S.A.,28127603,2.65,36.92
2026-08-11,2026-08-17,,PESSOA JURÍDICA,,Conta garantida - Prefixado,9,BCO DO ESTADO DO RS S.A.,92702067,2.78,38.98
2026-08-11,2026-08-17,,PESSOA JURÍDICA,,Conta garantida - Prefixado,10,BCO BS2 S.A.,71027866,2.84,39.94
2026-08-11,2026-08-17,,PESSOA JURÍDICA,,Conta garantida - Prefixado,11,BCO SANTANDER (BRASIL) S.A.,90400888,2.86,40.31
2026-08-11,2026-08-17,,PESSOA JURÍDICA,,Conta garantida - Prefixado,12,BCO MERCANTIL DO BRASIL S.A.,17184037,2.95,41.8
2026-08-11,2026-08-17,,PESSOA JURÍDICA,,Conta garantida - Prefixado,13,BCO GUANABARA S.A.,31880826,3.12,44.49
2026-08-11,2026-08-17,,PESSOA JURÍDICA,,Conta garantida - Prefixado,14,OMNI BANCO S.A.,60850229,3.3,47.6
2026-08-11,2026-08-17,,PESSOA JURÍDICA,,Conta garantida - Prefixado,15,BCO DO EST. DE SE S.A.,13009717,3.8,56.49
2026-08-11,2026-08-17,,PESSOA JURÍDICA,,Conta garantida - Prefixado,16,BANCO TOPÁZIO S.A.,07679404,3.89,58.1
2026-08-11,2026-08-17,,PESSOA JURÍDICA,,Conta garantida - Prefixado,17,BCO FIBRA S.A.,58616418,3.98,59.65
2026-08-11,2026-08-17,,PESSOA JURÍDICA,,Conta garantida - Prefixado,18,ITAÚ UNIBANCO S.A.,60701190,4.12,62.28
2026-08-11,2026-08-17,,PESSOA JURÍDICA,,Conta garantida - Prefixado,19,BCO BRADESCO S.A.,60746948,4.94,78.32
2026-08-11,2026-08-17,,PESSOA JURÍDICA,,Conta garantida - Prefixado,20,BCO TRIANGULO S.A.,17351180,5.74,95.43
2026-08-11,2026-08-17,,PESSOA JURÍDICA,,Conta garantida - Prefixado,21,BCO RENDIMENTO S.A.,68900810,5.9,98.94
2026-08-11,2026-08-17,,PESSOA JURÍDICA,,Conta garantida - Prefixado,22,BCO DAYCOVAL S.A,62232889,6.72,118.28
2026-08-11,2026-08-17,,PESSOA JURÍDICA,,Conta garantida - Prefixado,23,BCO AFINZ S.A. - BM,04814563,7.05,126.52
2026-08-11,2026-08-17,,PESSOA JURÍDICA,,Conta garantida - Prefixado,24,BCO PINE S.A.,62144175,7.47,137.28
2026-08-11,2026-08-17,,PESSOA JURÍDICA,,Conta garantida - Prefixado,25,BCO SAFRA S.A.,58160789,8.71,172.27
2026-08-11,2026-08-17,,PESSOA JURÍDICA,,Conta garantida - Prefixado,26,BCO LUSO BRASILEIRO S.A.,59118133,12.18,297.38
2026-08-11,2026-08-17,,PESSOA JURÍDICA,,Conta garantida - Prefixado,27,BCO SOFISA S.A.,60889128,13.93,378.44
2026-08-11,2026-08-17,,PESSOA JURÍDICA,,Conta garantida - Prefixado,28,BCO C6 S.A.,31872495,14.75,421.0
2026-08-11,2026-08-17,,PESSOA JURÍDICA,,Conta garantida - Pós-fixado referenciado em juros flutuantes,1,BCO J.P. MORGAN S.A.,33172537,1.58,20.62
2026-08-11,2026-08-17,,PESSOA JURÍDICA,,Conta garantida - Pós-fixado referenciado em juros flutuantes,2,BCO SAFRA S.A.,58160789,1.58,20.67
2026-08-11,2026-08-17,,PESSOA JURÍDICA,,Conta garantida - Pós-fixado referenciado em juros flutuantes,3,OMNI BANCO S.A.,60850229,1.65,21.67
2026-08-11,2026-08-17,,PESSOA JURÍDICA,,Conta garantida - Pós-fixado referenciado em juros flutuantes,4,CAIXA ECONOMICA FEDERAL,00360305,1.68,22.08
2026-08-11,2026-08-17,,PESSOA JURÍDICA,,Conta garantida - Pós-fixado referenciado em juros flutuantes,5,BCO DO ESTADO DO RS S.A.,92702067,1.7,22.35
2026-08-11,2026-08-17,,PESSOA JURÍDICA,,Conta garantida - Pós-fixado referenciado em juros flutuantes,6,BOFA MERRILL LYNCH BM S.A.,62073200,1.73,22.81
2026-08-11,2026-08-17,,PESSOA JURÍDICA,,Conta garantida - Pós-fixado referenciado em juros flutuantes,7,BCO CITIBANK S.A.,33479023,1.75,23.21
2026-08-11,2026-08-17,,PESSOA JURÍDICA,,Conta garantida - Pós-fixado referenciado em juros flutuantes,8,BCO SANTANDER (BRASIL) S.A.,90400888,1.77,23.39
2026-08-11,2026-08-17,,PESSOA JURÍDICA,,Conta garantida - Pós-fixado referenciado em juros flutuantes,9,BCO DAYCOVAL S.A,62232889,1.81,24.04
2026-08-11,2026-08-17,,PESSOA JURÍDICA,,Conta garantida - Pós-fixado referenciado em juros flutuantes,10,OURIBANK S.A.,78632767,1.9,25.38
2026-08-11,2026-08-17,,PESSOA JURÍDICA,,Conta garantida - Pós-fixado referenciado em juros flutuantes,11,BCO ABC BRASIL S.A.,28195667,2.01,26.92
2026-08-11,2026-08-17,,PESSOA JURÍDICA,,Conta garantida - Pós-fixado referenciado em juros flutuantes,12,BCO SOFISA S.A.,60889128,2.01,27.02
2026-08-11,2026-08-17,,PESSOA JURÍDICA,,Conta garantida - Pós-fixado referenciado em juros flutuantes,13,BCO BANESTES S.A.,28127603,2.02,27.07
2026-08-11,2026-08-17,,PESSOA JURÍDICA,,Conta garantida - Pós-fixado referenciado em juros flutuantes,14,BCO GUANABARA S.A.,31880826,2.04,27.41
2026-08-11,2026-08-17,,PESSOA JURÍDICA,,Conta garantida - Pós-fixado referenciado em juros flutuantes,15,ITAÚ UNIBANCO S.A.,60701190,2.08,27.95
2026-08-11,2026-08-17,,PESSOA JURÍDICA,,Conta garantida - Pós-fixado referenciado em juros flutuantes,16,BCO BRADESCO S.A.,60746948,2.23,30.33
2026-08-11,2026-08-17,,PESSOA JURÍDICA,,Conta garantida - Pós-fixado referenciado em juros flutuantes,17,BCO DO BRASIL S.A.,00000000,2.27,30.87
2026-08-11,2026-08-17,,PESSOA JURÍDICA,,Conta garantida - Pós-fixado referenciado em juros flutuantes,18,BCO LUSO BRASILEIRO S.A.,59118133,2.41,33.01
2026-08-11,2026-08-17,,PESSOA JURÍDICA,,Conta garantida - Pós-fixado referenciado em juros flutuantes,19,BCO FIBRA S.A.,58616418,2.53,34.91
2026-08-11,2026-08-17,,PESSOA JURÍDICA,,Conta garantida - Pós-fixado referenciado em juros flutuantes,20,BCO RIBEIRAO PRETO S.A.,00517645,2.54,35.1
2026-08-11,2026-08-17,,PESSOA JURÍDICA,,Conta garantida - Pós-fixado referenciado em juros flutuantes,21,BCO TRIANGULO S.A.,17351180,2.75,38.43
2026-08-11,2026-08-17,,PESSOA JURÍDICA,,Conta garantida - Pós-fixado referenciado em juros flutuantes,22,BCO MERCANTIL DO BRASIL S.A.,17184037,3.3,47.56
2026-08-11,2026-08-17,,PESSOA JURÍDICA,,Desconto de cheques - Prefixado,1,BCO BRADESCO S.A.,60746948,2.11,28.4
2026-08-11,2026-08-17,,PESSOA JURÍDICA,,Desconto de cheques - Prefixado,2,BCO SANTANDER (BRASIL) S.A.,90400888,2.18,29.52
2026-08-11,2026-08-17,,PESSOA JURÍDICA,,Desconto de cheques - Prefixado,3,CAIXA ECONOMICA FEDERAL,00360305,3.62,53.22
2026-08-11,2026-08-17,,PESSOA JURÍDICA,,Desconto de cheques - Prefixado,4,BCO DO BRASIL S.A.,00000000,3.68,54.22
2026-08-11,2026-08-17,,PESSOA JURÍDICA,,Desconto de cheques - Prefixado,5,BCO BANESTES S.A.,28127603,4.11,62.07
2026-08-11,2026-08-17,,PESSOA JURÍDICA,,Desconto de cheques - Prefixado,6,BCO SOFISA S.A.,60889128,4.13,62.6
2026-08-11,2026-08-17,,PESSOA JURÍDICA,,Desconto de duplicatas - Prefixado,1,BCO VOTORANTIM S.A.,59588111,1.03,13.08
2026-08-11,2026-08-17,,PESSOA JURÍDICA,,Desconto de duplicatas - Prefixado,2,BCO MUFG BRASIL S.A.,60498557,1.08,13.77
2026-08-11,2026-08-17,,PESSOA JURÍDICA,,Desconto de duplicatas - Prefixado,3,BCO STELLANTIS S.A.,62237425,1.11,14.18
2026-08-11,2026-08-17,,PESSOA JURÍDICA,,Desconto de duplicatas - Prefixado,4,BCO CRÉDIT AGRICOLE BR S.A.,75647891,1.11,14.21
2026-08-11,2026-08-17,,PESSOA JURÍDICA,,Desconto de duplicatas - Prefixado,5,BCO J.P. MORGAN S.A.,33172537,1.12,14.32
2026-08-11,2026-08-17,,PESSOA JURÍDICA,,Desconto de duplicatas - Prefixado,6,BCO CITIBANK S.A.,33479023,1.15,14.71
2026-08-11,2026-08-17,,PESSOA JURÍDICA,,Desconto de duplicatas - Prefixado,7,BANCO BTG PACTUAL S.A.,30306294,1.15,14.72
2026-08-11,2026-08-17,,PESSOA JURÍDICA,,Desconto de duplicatas - Prefixado,8,BOFA MERRILL LYNCH BM S.A.,62073200,1.16,14.81
2026-08-11,2026-08-17,,PESSOA JURÍDICA,,Desconto de duplicatas - Prefixado,9,BANCO DIGIO,27098060,1.17,14.93
2026-08-11,2026-08-17,,PESSOA JURÍDICA,,Desconto de duplicatas - Prefixado,10,BANCO INTER,00416968,1.19,15.19
2026-08-11,2026-08-17,,PESSOA JURÍDICA,,Desconto de duplicatas - Prefixado,11,BCO SOCIETE GENERALE BRASIL,61533584,1.21,15.51
2026-08-11,2026-08-17,,PESSOA JURÍDICA,,Desconto de duplicatas - Prefixado,12,BCO DE LAGE LANDEN BRASIL S.A.,05040481,1.28,16.49
2026-08-11,2026-08-17,,PESSOA JURÍDICA,,Desconto de duplicatas - Prefixado,13,BCO MERCEDES-BENZ S.A.,60814191,1.3,16.77
2026-08-11,2026-08-17,,PESSOA JURÍDICA,,Desconto de duplicatas - Prefixado,14,BCO BNP PARIBAS BRASIL S A,01522368,1.35,17.42
2026-08-11,2026-08-17,,PESSOA JURÍDICA,,Desconto de duplicatas - Prefixado,15,BCO VOLKSWAGEN S.A,59109165,1.37,17.74
2026-08-11,2026-08-17,,PESSOA JURÍDICA,,Desconto de duplicatas - Prefixado,16,PORTOSEG S.A. CFI,04862600,1.41,18.26
2026-08-11,2026-08-17,,PESSOA JURÍDICA,,Desconto de duplicatas - Prefixado,17,PICPAY BANK - BANCO MÚLTIPLO S.A,09516419,1.43,18.62
2026-08-11,2026-08-17,,PESSOA JURÍDICA,,Desconto de duplicatas - Prefixado,18,BCO SAFRA S.A.,58160789,1.46,18.94
2026-08-11,2026-08-17,,PESSOA JURÍDICA,,Desconto de duplicatas - Prefixado,19,BCO SANTANDER (BRASIL) S.A.,90400888,1.47,19.1
2026-08-11,2026-08-17,,PESSOA JURÍDICA,,Desconto de duplicatas - Prefixado,20,BANCO ORIGINAL,92894922,1.51,19.67
2026-08-11,2026-08-17,,PESSOA JURÍDICA,,Desconto de duplicatas - Prefixado,21,BCO INDUSTRIAL DO BRASIL S.A.,31895683,1.51,19.74
2026-08-11,2026-08-17,,PESSOA JURÍDICA,,Desconto de duplicatas - Prefixado,22,BCO HSBC S.A.,53518684,1.54,20.1
2026-08-11,2026-08-17,,PESSOA JURÍDICA,,Desconto de duplicatas - Prefixado,23,AL5 S.A. SCFI,27214112,1.54,20.13
2026-08-11,2026-08-17,,PESSOA JURÍDICA,,Desconto de duplicatas - Prefixado,24,ITAÚ UNIBANCO S.A.,60701190,1.59,20.9
2026-08-11,2026-08-17,,PESSOA JURÍDICA,,Desconto de duplicatas - Prefixado,25,BCO DO BRASIL S.A.,00000000,1.61,21.12
2026-08-11,2026-08-17,,PESSOA JURÍDICA,,Desconto de duplicatas - Prefixado,26,BCO DAYCOVAL S.A,62232889,1.63,21.39
2026-08-11,2026-08-17,,PESSOA JURÍDICA,,Desconto de duplicatas - Prefixado,27,BCO RENDIMENTO S.A.,68900810,1.66,21.83
2026-08-11,2026-08-17,,PESSOA JURÍDICA,,Desconto de duplicatas - Prefixado,28,BANCO SEMEAR,00795423,1.69,22.22
2026-08-11,2026-08-17,,PESSOA JURÍDICA,,Desconto de duplicatas - Prefixado,29,BCO YAMAHA MOTOR S.A.,10371492,1.69,22.28
2026-08-11,2026-08-17,,PESSOA JURÍDICA,,Desconto de duplicatas - Prefixado,30,BCO BS2 S.A.,71027866,1.69,22.32
2026-08-11,2026-08-17,,PESSOA JURÍDICA,,Desconto de duplicatas - Prefixado,31,AGROLEND SCFI,43774196,1.82,24.22
2026-08-11,2026-08-17,,PESSOA JURÍDICA,,Desconto de duplicatas - Prefixado,32,BCO DO ESTADO DO RS S.A.,92702067,1.85,24.63
2026-08-11,2026-08-17,,PESSOA JURÍDICA,,Desconto de duplicatas - Prefixado,33,BANCO RANDON S.A.,11476673,1.86,24.72
2026-08-11,2026-08-17,,PESSOA JURÍDICA,,Desconto de duplicatas - Prefixado,34,BCO ABC BRASIL S.A.,28195667,1.96,26.21
2026-08-11,2026-08-17,,PESSOA JURÍDICA,,Desconto de duplicatas - Prefixado,35,BCO BRADESCO S.A.,60746948,1.97,26.33
2026-08-11,2026-08-17,,PESSOA JURÍDICA,,Desconto de duplicatas - Prefixado,36,BCO FIBRA S.A.,58616418,2.02,27.14
2026-08-11,2026-08-17,,PESSOA JURÍDICA,,Desconto de duplicatas - Prefixado,37,BCO DO NORDESTE DO BRASIL S.A.,07237373,2.1,28.35
2026-08-11,2026-08-17,,PESSOA JURÍDICA,,Desconto de duplicatas - Prefixado,38,OURIBANK S.A.,78632767,2.19,29.63
2026-08-11,2026-08-17,,PESSOA JURÍDICA,,Desconto de duplicatas - Prefixado,39,BCO SOFISA S.A.,60889128,2.2,29.87
2026-08-11,2026-08-17,,PESSOA JURÍDICA,,Desconto de duplicatas - Prefixado,40,BCO DO EST. DE SE S.A.,13009717,2.39,32.74
2026-08-11,2026-08-17,,PESSOA JURÍDICA,,Desconto de duplicatas - Prefixado,41,CAIXA ECONOMICA FEDERAL,00360305,2.42,33.18
2026-08-11,2026-08-17,,PESSOA JURÍDICA,,Desconto de duplicatas - Prefixado,42,OMNI BANCO S.A.,60850229,2.48,34.18
2026-08-11,2026-08-17,,PESSOA JURÍDICA,,Desconto de duplicatas - Prefixado,43,BCO TRIANGULO S.A.,17351180,2.65,36.94
2026-08-11,2026-08-17,,PESSOA JURÍDICA,,Desconto de duplicatas - Prefixado,44,GAZINCRED S.A. SCFI,11760553,2.73,38.08
2026-08-11,2026-08-17,,PESSOA JURÍDICA,,Desconto de duplicatas - Prefixado,45,BANCO MONEO S.A.,07441209,2.84,39.89
2026-08-11,2026-08-17,,PESSOA JURÍDICA,,Desconto de duplicatas - Prefixado,46,BCO BANESTES S.A.,28127603,3.36,48.64
2026-08-11,2026-08-17,,PESSOA JURÍDICA,,Desconto de duplicatas - Prefixado,47,NOVO BCO CONTINENTAL S.A. - BM,74828799,3.48,50.79
2026-08-11,2026-08-17,,PESSOA JURÍDICA,,Desconto de duplicatas - Prefixado,48,SANTINVEST S.A. - CFI,00122327,3.69,54.43
2026-08-11,2026-08-17,,PESSOA JURÍDICA,,Desconto de duplicatas - Prefixado,49,AGORACRED S/A SCFI,36321990,3.85,57.43
2026-08-11,2026-08-17,,PESSOA JURÍDICA,,Desconto de duplicatas - Prefixado,50,HS FINANCEIRA,07512441,4.31,65.99
2026-08-11,2026-08-17,,PESSOA JURÍDICA,,Desconto de duplicatas - Prefixado,51,BRB - BCO DE BRASILIA S.A.,00000208,4.45,68.7
2026-08-11,2026-08-17,,PESSOA JURÍDICA,,Desconto de duplicatas - Prefixado,52,SINOSSERRA S/A - SCFI,22639377,4.46,68.76
2026-08-11,2026-08-17,,PESSOA JURÍDICA,,Desconto de duplicatas - Prefixado,53,SCFI EFÍ S.A.,37229413,4.68,73.08
2026-08-11,2026-08-17,,PESSOA JURÍDICA,,Desconto de duplicatas - Prefixado,54,GOLCRED S/A - CFI,07631026,4.86,76.72
2026-08-11,2026-08-17,,PESSOA JURÍDICA,,Desconto de duplicatas - Prefixado,55,VIA CERTA FINANCIADORA S.A. - CFI,05192316,4.86,76.77
2026-08-11,2026-08-17,,PESSOA JURÍDICA,,Desconto de duplicatas - Prefixado,56,NU FINANCEIRA S.A. CFI,30680829,7.17,129.52
2026-08-11,2026-08-17,,PESSOA JURÍDICA,,Vendor - Prefixado,1,SINOSSERRA S/A - SCFI,22639377,0.3,3.72
2026-08-11,2026-08-17,,PESSOA JURÍDICA,,Vendor - Prefixado,2,BCO DO BRASIL S.A.,00000000,1.46,19.02
2026-08-11,2026-08-17,,PESSOA JURÍDICA,,Vendor - Prefixado,3,BCO BRADESCO S.A.,60746948,1.5,19.49
2026-08-11,2026-08-17,,PESSOA JURÍDICA,,Vendor - Prefixado,4,ITAÚ UNIBANCO S.A.,60701190,1.69,22.23
2026-08-11,2026-08-17,,PESSOA JURÍDICA,,Vendor - Prefixado,5,BCO DAYCOVAL S.A,62232889,2.76,38.69
